-- phpMyAdmin SQL Dump
-- version 4.1.12
-- http://www.phpmyadmin.net
--
-- Client :  127.0.0.1
-- Généré le :  Ven 24 Octobre 2014 à 14:11
-- Version du serveur :  5.6.16
-- Version de PHP :  5.5.11

SET SQL_MODE = "NO_AUTO_VALUE_ON_ZERO";
SET time_zone = "+00:00";


/*!40101 SET @OLD_CHARACTER_SET_CLIENT=@@CHARACTER_SET_CLIENT */;
/*!40101 SET @OLD_CHARACTER_SET_RESULTS=@@CHARACTER_SET_RESULTS */;
/*!40101 SET @OLD_COLLATION_CONNECTION=@@COLLATION_CONNECTION */;
/*!40101 SET NAMES utf8 */;

--
-- Base de données :  `stack`
--
CREATE DATABASE IF NOT EXISTS `stack` DEFAULT CHARACTER SET utf8 COLLATE utf8_general_ci;
USE `stack`;

-- --------------------------------------------------------

--
-- Structure de la table `answers`
--

CREATE TABLE IF NOT EXISTS `answers` (
  `id` int(11) NOT NULL AUTO_INCREMENT,
  `contenu` text NOT NULL,
  `id_question` int(11) NOT NULL,
  `id_user` int(11) NOT NULL,
  `vote_resultat` int(11) NOT NULL,
  `dateCreated` datetime NOT NULL,
  `dateModified` datetime NOT NULL,
  PRIMARY KEY (`id`)
) ENGINE=InnoDB  DEFAULT CHARSET=utf8 AUTO_INCREMENT=84 ;

--
-- Contenu de la table `answers`
--

INSERT INTO `answers` (`id`, `contenu`, `id_question`, `id_user`, `vote_resultat`, `dateCreated`, `dateModified`) VALUES
(67, '          The only thing I know how to do is to create two windows, and drag one to the external monitor and press "fullscreen". How do applications such as ProPresenter, PowerPoint and Keynote automatically detect and render fullscreen content on external monitors/displays/projectors?\r\n', 128, 41, 0, '2014-10-23 21:56:56', '2014-10-23 21:56:56'),
(68, '          The only thing I know how to do is to create two windows, and drag one to the external monitor and press "fullscreen". How do applications such as ProPresenter, PowerPoint and Keynote automatically detect and render fullscreen content on external monitors/displays/projectors?\r\n', 129, 41, 0, '2014-10-23 21:58:05', '2014-10-23 21:58:05'),
(69, '          The only thing I know how to do is to create two windows, and drag one to the external monitor and press "fullscreen". How do applications such as ProPresenter, PowerPoint and Keynote automatically detect and render fullscreen content on external monitors/displays/projectors?\r\n', 129, 41, 0, '2014-10-23 21:58:11', '2014-10-23 21:58:11'),
(70, '          The only thing I know how to do is to create two windows, and drag one to the external monitor and press "fullscreen". How do applications such as ProPresenter, PowerPoint and Keynote automatically detect and render fullscreen content on external monitors/displays/projectors?\r\n', 129, 41, 0, '2014-10-23 21:58:21', '2014-10-23 21:58:21'),
(72, '          I would like to set some sort of title for the exported data on the PDFs.\r\n\r\nI have looked through http://ui-grid.info/docs/#/api/ui.grid.exporter but there does not seem to be a setting for it.\r\n\r\nRight now when you export data as pdf, you get a grid with some red column headers, but nothing to indicate what the report is supposed to be.', 130, 40, 0, '2014-10-23 22:05:18', '2014-10-23 22:05:18'),
(73, '<p style="margin: 0px 0px 1em; padding: 0px; border: 0px; font-size: 14px; vertical-align: baseline; clear: both; font-family: Arial, ''Liberation Sans'', ''DejaVu Sans'', sans-serif; line-height: 17.8048000335693px; background-image: initial; background-attachment: initial; background-size: initial; background-origin: initial; background-clip: initial; background-position: initial; background-repeat: initial;">I have a trajectory defined in Lat/Long coordinates in "n" points. I need to estimate its length over the surface of the earth:</p>\r\n<pre class="default prettyprint prettyprinted" style="margin-top: 0px; margin-bottom: 10px; padding: 5px; border: 0px; font-size: 14px; vertical-align: baseline; font-family: Consolas, Menlo, Monaco, ''Lucida Console'', ''Liberation Mono'', ''DejaVu Sans Mono'', ''Bitstream Vera Sans Mono'', ''Courier New'', monospace, serif; overflow: auto; width: auto; max-height: 600px; word-wrap: normal; line-height: 17.8048000335693px; background: #eeeeee;"><code style="margin: 0px; padding: 0px; border: 0px; vertical-align: baseline; font-family: Consolas, Menlo, Monaco, ''Lucida Console'', ''Liberation Mono'', ''DejaVu Sans Mono'', ''Bitstream Vera Sans Mono'', ''Courier New'', monospace, serif; white-space: inherit; background-image: initial; background-attachment: initial; background-size: initial; background-origin: initial; background-clip: initial; background-position: initial; background-repeat: initial;"><span class="typ" style="margin: 0px; padding: 0px; border: 0px; vertical-align: baseline; color: #2b91af; background: transparent;">Lat</span> <span class="pun" style="margin: 0px; padding: 0px; border: 0px; vertical-align: baseline; background: transparent;">=</span> <span class="pun" style="margin: 0px; padding: 0px; border: 0px; vertical-align: baseline; background: transparent;">[</span><span class="pln" style="margin: 0px; padding: 0px; border: 0px; vertical-align: baseline; background: transparent;">la1 la2 la3 la4 la5 la6</span><span class="pun" style="margin: 0px; padding: 0px; border: 0px; vertical-align: baseline; background: transparent;">];</span>\r\n<span class="typ" style="margin: 0px; padding: 0px; border: 0px; vertical-align: baseline; color: #2b91af; background: transparent;">Lon</span> <span class="pun" style="margin: 0px; padding: 0px; border: 0px; vertical-align: baseline; background: transparent;">=</span> <span class="pun" style="margin: 0px; padding: 0px; border: 0px; vertical-align: baseline; background: transparent;">[</span><span class="pln" style="margin: 0px; padding: 0px; border: 0px; vertical-align: baseline; background: transparent;">lo1 lo2 lo3 lo4 lo5 lo6</span><span class="pun" style="margin: 0px; padding: 0px; border: 0px; vertical-align: baseline; background: transparent;">];</span></code></pre>\r\n<p style="margin: 0px 0px 1em; padding: 0px; border: 0px; font-size: 14px; vertical-align: baseline; clear: both; font-family: Arial, ''Liberation Sans'', ''DejaVu Sans'', sans-serif; line-height: 17.8048000335693px; background-image: initial; background-attachment: initial; background-size: initial; background-origin: initial; background-clip: initial; background-position: initial; background-repeat: initial;">How can I do this in Matlab? I''ve tried to use the command&nbsp;<strong style="margin: 0px; padding: 0px; border: 0px; vertical-align: baseline; background: transparent;">distance</strong>, but it seems it doesn''t do this?</p>\r\n<p style="margin: 0px 0px 1em; padding: 0px; border: 0px; font-size: 14px; vertical-align: baseline; clear: both; font-family: Arial, ''Liberation Sans'', ''DejaVu Sans'', sans-serif; line-height: 17.8048000335693px; background-image: initial; background-attachment: initial; background-size: initial; background-origin: initial; background-clip: initial; background-position: initial; background-repeat: initial;">Thanks!</p>', 132, 40, 0, '2014-10-23 22:18:48', '2014-10-23 22:18:48'),
(74, '          I have a script that uses PHP SESSION. I manage PHP sessions using a class. Within this class I have a method that returns how many seconds remaining before the session expires.\r\n\r\nAlso, Evey time the user refresh the page or open a new page (new request to the server) the idle time counter starts over $_SESSION[''MA_IDLE_TIMEOUT''] = time()+900;\r\n\r\nWhat I am looking to do is display a dialog message 2 minutes before the PHP session expire and check if the user is still on the page or not. If the use clicks "Keep working" then the jQuery script will send PHP AJAX request to renew the session  $_SESSION[''MA_IDLE_TIMEOUT''] = time()+900;. If the user did not click anything or clicked on "Log out" then the session ends and the user is redirected to the login page.\r\n\r\nI did find a nice plugin that will somewhat does the Job jquery-idle-timeout\r\n\r\nThe issue with this plugin is that it checks if the user is idle using JavaScript (if the keyboard/mouse) are being used. Here is the senario where this script does not help me: lets say my PHP sessions has a limit on 15 minutes/ 900 seconds. A user is reading a super long article on the same page. He/she will be scrolling, they are not really idle "from JavaScript perspective" but from a PHP perspective the use is idle. Then after 20 minutes the user refresh the page, then the user will be logged out since he/she have not sent a new request to the PHP server for over the 900 seconds limit.\r\n\r\nHow can I solve this problem? is there a better plugin to does the trick? if there something I missed in this plugin that will solve my problem?', 84, 17, 0, '2014-10-23 23:59:29', '2014-10-23 23:59:29'),
(82, '            I want to know the soap fault message from web service consumer(mule component) and so I am using catch-exception-strategy to get hold of the SOAP Fault message. But the exceptionPayload of web service consumer(mule component) does not contain the SOAP fault. While payload has the soap fault message nested deep under like:\r\n\r\npayload->firstChild->firstchild->firstChild\r\nIs there any way to print or process the SOAP fault from inside the catch-exception-strategy of Mule.', 149, 18, 0, '2014-10-24 14:04:37', '2014-10-24 14:04:37'),
(83, '            I want to know the soap fault message from web service consumer(mule component) and so I am using catch-exception-strategy to get hold of the SOAP Fault message. But the exceptionPayload of web service consumer(mule component) does not contain the SOAP fault. While payload has the soap fault message nested deep under like:\r\n\r\npayload->firstChild->firstchild->firstChild\r\nIs there any way to print or process the SOAP fault from inside the catch-exception-strategy of Mule.', 149, 18, 0, '2014-10-24 14:04:45', '2014-10-24 14:04:45');

-- --------------------------------------------------------

--
-- Structure de la table `comments`
--

CREATE TABLE IF NOT EXISTS `comments` (
  `id` int(11) NOT NULL AUTO_INCREMENT,
  `id_user` int(11) NOT NULL,
  `id_question` int(11) DEFAULT NULL,
  `id_answer` int(11) DEFAULT NULL,
  `contenu` varchar(255) NOT NULL,
  `dateCreated` datetime NOT NULL,
  `dateModified` datetime NOT NULL,
  PRIMARY KEY (`id`)
) ENGINE=InnoDB  DEFAULT CHARSET=utf8 AUTO_INCREMENT=101 ;

--
-- Contenu de la table `comments`
--

INSERT INTO `comments` (`id`, `id_user`, `id_question`, `id_answer`, `contenu`, `dateCreated`, `dateModified`) VALUES
(99, 41, 128, 67, '            The only thing I know how to do is to create two windows, and drag one to the external monitor and press "fullscreen". How do applications such as ProPresenter, PowerPoint and Keynote automatically detect and render fullscreen content on exter', '2014-10-23 21:57:05', '2014-10-23 21:57:05'),
(100, 40, 130, 71, 'I would like to set some sort of title for the exported data on the PDFs.\r\n\r\nI have looked through http://ui-grid.info/docs/#/api/ui.grid.exporter but there does not seem to be a setting for it.\r\n\r\nRight now when you export data as pdf, you get a grid wit', '2014-10-23 22:04:29', '2014-10-23 22:04:29');

-- --------------------------------------------------------

--
-- Structure de la table `questions`
--

CREATE TABLE IF NOT EXISTS `questions` (
  `id` int(11) NOT NULL AUTO_INCREMENT,
  `title` varchar(150) NOT NULL,
  `contenu` text NOT NULL,
  `id_user` int(11) NOT NULL,
  `keyword1` varchar(255) NOT NULL,
  `keyword2` varchar(255) DEFAULT NULL,
  `keyword3` varchar(255) DEFAULT NULL,
  `keyword4` varchar(255) DEFAULT NULL,
  `keyword5` varchar(255) DEFAULT NULL,
  `vues` int(11) NOT NULL,
  `dateCreated` datetime NOT NULL,
  `dateModified` datetime NOT NULL,
  PRIMARY KEY (`id`)
) ENGINE=InnoDB  DEFAULT CHARSET=utf8 AUTO_INCREMENT=155 ;

--
-- Contenu de la table `questions`
--

INSERT INTO `questions` (`id`, `title`, `contenu`, `id_user`, `keyword1`, `keyword2`, `keyword3`, `keyword4`, `keyword5`, `vues`, `dateCreated`, `dateModified`) VALUES
(83, ' how to make syntax when importing csv to postgres?', '        		\r\n        \r\n\r\nI would like to import a csv file, which has multiple occurrences of missing values. I recoded them into NULL and tried to import the file as. I suppose that my attributes which include the NULLS are character values. However transforming them to numeric is bit complicated. Therefore I would like to import all of my table as:\r\n\r\n\\copy player_allstar FROM ''/Users/Desktop/Rdaten/Data/player_allstar.csv''  DELIMITER '';'' CSV WITH NULL AS ''NULL'' '';''  HEADER\r\n\r\nThere must be a syntax error. But I tried different combinations and always get:\r\n\r\nERROR:  syntax error at or near "WITH NULL"\r\nLINE 1: COPY  player_allstar FROM STDIN DELIMITER '';'' CSV WITH NULL ...\r\n\r\nI also tried:\r\n\r\n\\copy player_allstar FROM ''/Users/Desktop/Rdate/Data/player_allstar.csv'' WITH( CSV, DELIMITER '';'', NULL  ''NULL'', HEADER);\r\n\r\nand get:\r\n\r\nERROR:  option "csv" not recognized\r\n\r\nI also tried:\r\n\r\n\\copy player_allstar FROM ''/Users/Desktop/Rdaten/Data/player_allstar.csv'' WITH(FORMAT CSV, DELIMITER '';'', NULL  ''NULL'', HEADER);\r\n\r\nand get:\r\n\r\n ERROR:  invalid input syntax for integer: "NULL"\r\n CONTEXT:  COPY player_allstar, line 2, column dreb: "NULL"\r\n\r\n	', 20, ' MySQL', 'Wordpress', 'Symfony 2', ' ', ' ', 1, '2014-10-19 16:25:51', '2014-10-19 16:25:51'),
(84, ' get a post end send it to a separate page', '        		\r\n        	\r\n\r\nI have a list of posts I want to get the post clicked and send this to a separate page in order to share only this post on facebook and twitter. I have a problem in the with the AJAX get,\r\n\r\nif I use POST as to send data I can view generate a separate page and view that post but I cant get the posts data (date in this case) to parse in to my node function. but if I use GET im able to parse in the data but not able to generate a separate page for it.\r\n\r\nI don''t know if i just put myself in a real mess or if its a very simple solution, so please help me out.\r\n\r\njavascript\r\n\r\nfunction shareInsight(event) {\r\nevent.preventDefault();\r\nvar confirmation = confirm(''Are you sure you want to delete this user?'');\r\ndate = { \r\n    ''date'':$(this).attr(''rel'')\r\n}\r\nif (confirmation === true) {\r\n    $.ajax({\r\n        type: ''GET'',\r\n        data: date,\r\n        url: ''/users/shareinsight/''+$(this).attr(''rel''),\r\n        dataType: ''JSON''\r\n    }).done(function( response ) {\r\n        if (response.msg === '''') {\r\n        }\r\n        else {\r\n            alert(''Error: '' + response.msg);\r\n        }\r\n    });\r\n    }\r\n    else {\r\n      return false;\r\n    }\r\n};\r\n\r\nnode\r\n\r\nrouter.get(''/shareinsight/:id'', function(req, res) {\r\n     var insightToShare = req.params.id;\r\n     console.log(insightToShare)\r\n     var db = req.db_login;\r\n     db.collection(''insights'').find({''date'':insightToDelete}).toArray(function (err, items){\r\n     res.json(items);\r\n     });\r\n });\r\n\r\nconsole\r\n\r\n''1413716316934''\r\nGET /users/shareinsight/''1413716316934''?date=%271413716316934%27 200 7ms - 9.97kb\r\n\r\n', 18, ' PHP', 'MySQL', 'Javascript', 'HTML5', 'CSS3', 11, '2014-10-19 16:28:40', '2014-10-19 16:28:40'),
(86, ' Deleting all associations in Ruby on Rails', '         	I''m trying to implement some very simple lighting, and I''ve gotten myself into something that I can''t figure out how to fix.\r\n\r\nI calculate the color of each vertex using this vertex shader:\r\n\r\n#version 330 core\r\n\r\nlayout(location = 0) in vec4 vertexpos;\r\nlayout(location = 1) in vec4 lightpos;\r\nuniform vec3 lightcolor;\r\nuniform vec4 received_color;\r\n\r\nuniform mat4 translation;\r\nuniform mat4 projection;\r\n\r\nout vec4 vertex_color;\r\n\r\nvec4 normal = vec4(0.0, 0.0, -1.0, 1.0);\r\n\r\nvoid attenuation(out float atten, in float distance, in float range, in float a, in float b, in float c)\r\n{\r\n    atten = 1.0 / ( a * distance * distance + b * distance + c) * range;\r\n}\r\n\r\nvoid main()\r\n{\r\n    /* position stuff */\r\n\r\n    float atten = 0.0;\r\n    attenuation(atten, distance(lightpos, vertexpos), 20, 1.0, 0.1, 1.0);\r\n    vec4 vlight = normalize(lightpos - vertexpos);\r\n    float ndotl = max(0.0, dot(normal.xyz, vlight.xyz));\r\n\r\n    vertex_color = vec4(atten * ndotl * lightcolor * received_color.xyz, 1.0);\r\n\r\n    gl_Position = vertexpos;\r\n}\r\nIn the fragment shader I simply set color equal to vertex_color\r\n\r\nNow, as far as I know, this should calculate the color independently for each vertex, and the colors should blend together nicely. However, this is what shows up: ', 18, 'MySQL', ' Joomla !', 'Symfony 2', ' ', ' ', 0, '2014-10-19 20:33:29', '2014-10-19 20:33:29'),
(88, 'Two windows in one WPF app', '         	I have an app with two separate windows. One window for Login and the next is the main app window...\r\n\r\nwhen i click login Verify button, if credentials are correct, then login window should close and main app window should open. for that i coded,\r\n\r\nPrivate Sub Verify_Click(sender As Object, e As RoutedEventArgs) Handles Verify.Click\r\n    Dim Home As New MainWindow()\r\n    Home.Show()\r\n    Application.Current.MainWindow = Home\r\n    Me.Close()\r\nEnd Sub\r\nHome => Main App window\r\n\r\nMe => Login window\r\n\r\ninitially this worked. But now it shows an exception\r\n\r\nA first chance exception of type ''System.Windows.Markup.XamlParseException'' occurred in PresentationFramework.dll', 17, 'sql', 'php', 'css', 'html5', '', 0, '2014-10-20 11:32:28', '2014-10-20 11:32:28'),
(89, 'Live updater chat script', '         	''m trying to encode special entities with a function, here what I''m trying to do: its a ratable function, with ratables stars, i have two functions that displays a ratable message, one is displaying default results, and the second when i give it a new rate\r\n\r\nfunction showStars($ratableKey) {\r\n...\r\n$textDesc = "<div id=\\"rabidRating-$ratingId-description\\" class=\\"ratingText\\">"\r\n                .$this->getStarMessage($rating)."</div>"; \r\necho $textDesc \r\n}\r\ni am call the getStarMessage in two different ways\r\n\r\n   function getStarMessage($rating) {\r\n    $stars = $this->percentToStars($rating[''rating'']);\r\n    if ($rating[totalRatings] > 1) $s = "s";\r\n    $div_stars = "<div class=\\"rate\\">";\r\n\r\n    $result= "$stars/$this->stars ".$div_stars." ($rating[totalRatings] avis)</div>";\r\n    $result=  html_entity_decode($result);\r\n    return $result;\r\n}\r\nIn the defaut way (in showStars function ) it works fine (with or without the html_entity_decode) but when I called the getStarMessage function in another function\r\n\r\nfunction doVote($ratableId, $percent) {\r\n\r\n    ...\r\n\r\n    $rating = $this->loadRating($id);\r\n    $return = $this->getStarMessage($rating);\r\n\r\n    echo $return; ==> the problem is here\r\n\r\n}\r\nin source code it displays', 17, 'javascript', 'html', '', '', '', 0, '2014-10-20 11:33:23', '2014-10-20 11:33:23'),
(90, 'Error due to version compatibility in running jar file', '         	I have created a jar file using JDK 8.0 and I tried to run the jar file in a system which is having JRE 7.0, but I am getting an error like this:\r\n\r\nC:\\Users\\admin\\Desktop>java -jar gcgeoid.jar  Germany.dbf\r\nException in thread "main" java.lang.UnsupportedClassVersionError: gcgeoid : Uns\r\nupported major.minor version 52.0\r\n        at java.lang.ClassLoader.defineClass1(Native Method)\r\n        at java.lang.ClassLoader.defineClass(Unknown Source)\r\n        at java.security.SecureClassLoader.defineClass(Unknown Source)\r\n        at java.net.URLClassLoader.defineClass(Unknown Source)\r\n        at java.net.URLClassLoader.access$100(Unknown Source)\r\n        at java.net.URLClassLoader$1.run(Unknown Source)\r\n        at java.net.URLClassLoader$1.run(Unknown Source)\r\n        at java.security.AccessController.doPrivileged(Native Method)\r\n        at java.net.URLClassLoader.findClass(Unknown Source)\r\n        at java.lang.ClassLoader.loadClass(Unknown Source)\r\n        at sun.misc.Launcher$AppClassLoader.loadClass(Unknown Source)\r\n        at java.lang.ClassLoader.loadClass(Unknown Source)\r\n        at sun.launcher.LauncherHelper.checkAndLoadMain(Unknown Source)\r\nWhat change am I need to make in my jar file creation. So that it will run without version compatibility?\r\n\r\njava\r\nshare', 17, 'java', '', '', '', '', 0, '2014-10-20 11:34:19', '2014-10-20 11:34:19'),
(91, '         	Can''t register rteth0 for FEC Ethernet card on SabreLite iMX6Q', '\r\n0\r\ndown vote\r\nfavorite\r\nIn my Code,I am using Custom Adapter to display Listview Items,,But Listview''s First position is selected by default ,But I don''t want like that.After My Selection It should high light.I posted my code below.Can any one help me ?\r\n\r\n//To Call SelectionIndex Method\r\n\r\nlv.setOnItemClickListener(new OnItemClickListener() {\r\n            @Override\r\n            public void onItemClick(AdapterView<?> arg0, View arg1, int arg2,\r\n                    long arg3) {\r\n\r\ncustomAdapetr''s Object.SelectionIndex(arg2);    \r\n\r\n}\r\n//To get Selected Position:\r\n\r\npublic void SelectionIndex(int selectedposition){\r\n        this.selectedposition = selectedposition;\r\n        notifyDataSetChanged();\r\n    }\r\n--\r\n\r\ngetView(){\r\n\r\nif (position == selectedposition) {\r\n            convertView.setBackgroundColor(selectedColor);\r\n\r\n        }else {\r\n            convertView.setBackgroundResource(R.drawable.bg_palewhite_grad);\r\n}\r\n}', 17, 'html', 'php', '', '', '', 0, '2014-10-20 11:35:27', '2014-10-20 11:35:27'),
(92, 'Passing a variable from Tkinter to main program', '         	Maybe this is easy, but I just don''t figure it out ...\r\n\r\nIn the code below the "File Open" Button saves the filename to "name" -- but how can I access this variable outside of Tkinter? A return statement in "callback", but how would I access that since callback is inside the "Button" command?\r\n\r\nfrom Tkinter import *\r\nfrom tkFileDialog   import askopenfilename      \r\n\r\ndef callback():\r\n    name= askopenfilename() \r\n    print name\r\n\r\nButton(text=''File Open'', command=callback).pack(fill=X)\r\nmainloop()\r\n\r\n#HOW DO I ACCESS FILENAME AFTER MAINLOOP?\r\nname = ????', 17, 'python', '', '', '', '', 0, '2014-10-20 11:36:07', '2014-10-20 11:36:07'),
(93, 'Pass parameters correctly to SqlCommand', '         	 have code to insert data to SQL table. The columns have such types:\r\n\r\n@param1 datetime,\r\n@param2 nvarchar(50),\r\n@param3 int,\r\n@param4 bit,\r\n@param5 int,\r\n@param6 bit,\r\n@param7 bit,\r\n@param8 varchar(20),\r\n@param9 varchar(20)\r\nThis is my method:\r\n\r\ntry\r\n{\r\n    using (SqlCommand oleDbCommand = new SqlCommand())\r\n    {\r\n        // Set the command object properties\r\n        oleDbCommand.Connection = new SqlConnection(connectionString);\r\n        oleDbCommand.CommandType = CommandType.StoredProcedure;\r\n        oleDbCommand.CommandText = "[dbo].[InsertRow]";\r\n        // Add the input parameters to the parameter collection\r\n        // m.param1 is of DateTime type, m.param2 of string type, m.param3 of int type, etc.\r\n        oleDbCommand.Parameters.AddWithValue("@param1", m.param1);\r\n        oleDbCommand.Parameters.AddWithValue("@param2", m.param2);\r\n        oleDbCommand.Parameters.AddWithValue("@param3", m.param3);\r\n        oleDbCommand.Parameters.AddWithValue("@param4", m.param4);\r\n        oleDbCommand.Parameters.AddWithValue("@param5", m.param5);\r\n        oleDbCommand.Parameters.AddWithValue("@param6", m.param6);\r\n        oleDbCommand.Parameters.AddWithValue("@param7", m.param7);\r\n        oleDbCommand.Parameters.AddWithValue("@param8", m.param8);\r\n        oleDbCommand.Parameters.AddWithValue("@param9", m.param9);\r\n        // Open the connection, execute the query and close the connection.\r\n        oleDbCommand.Connection.Open();\r\n        oleDbCommand.ExecuteNonQuery();\r\n        oleDbCommand.Connection.Close();\r\n    }\r\n}\r\ncatch (Exception ex)\r\n{\r\n    MessageBox.Show(ex.Message);\r\n    return false;\r\n}\r\nI have two but related questions:\r\n\r\nam I passing parameters correctly? Or do I need casts? (please see the column types in the beginning of the question).\r\nhow to correctly handle closing of database? In case also of some exception?', 17, 'sql', 'html', '', '', '', 0, '2014-10-20 11:37:08', '2014-10-20 11:37:08'),
(94, 'Oracle SQL - creating a loop', '         	\r\n0\r\ndown vote\r\nfavorite\r\nI have a script that shows delivery qty data for several manufacturing components. Each component has a different new release date so data will run from a different start date (earliest date is 01/07/2007).\r\n\r\nFull script is posted below. The script that I would like to add is ...\r\n\r\n    ( \r\n SELECT Nvl(Sum(dp.del_qty),0) \r\n FROM   bds_dhead@sid_to_cdsuk dh, \r\n        bds_dline@sid_to_cdsuk dp \r\n WHERE  dp.dhead_no = dh.dhead_no \r\n AND    dh.d_status = ''9'' \r\n AND    dp.article_no = ''9'' \r\n               ||pd.catnr \r\n AND    dh.actshpdate <= ( \r\n        CASE \r\n               WHEN \r\n                      ( \r\n                             SELECT Min(selection_relse_date) \r\n                             FROM   bds_selection_org@sid_to_cdsuk st \r\n                             WHERE  Substr(selection_no,2,99) = pd.catnr) < ''01-JAN-2007'' THEN To_date(''01072007'', ''dd/mm/yy'') \r\n               ELSE \r\n                     ( \r\n                     SELECT Min(selection_relse_date) \r\n                     FROM   bds_selection_org@sid_to_cdsuk st \r\n                     WHERE  Substr(selection_no,2,99) = pd.catnr) \r\n        END) + 91) nr_plus_3_mths\r\n... this shows the sum of the delivered qty from new release date for a 91 day period (3 months). I could repeat this sub select for each 3 month period but, I would have to add more sub selects as time goes on to keep data running to date.\r\n\r\nIs there a way to run a loop so to return the delivered qty every 91 days from the new release to date?\r\n\r\nSELECT UNIQUE pd.part_no, \r\n              pd.catnr, \r\n              pd.prodtyp, \r\n              pd.packtyp, \r\n              pd.description, \r\n              ip.purchase_type, \r\n              Nvl(pd.fod_idc, ''N''), \r\n              (SELECT Max(acp.qty_free_idc) \r\n               FROM   oes_fod_match acp \r\n               WHERE  pd.part_no = acp.part_no \r\n                      AND acp.TYPE = ''SUP'' \r\n                      AND acp.cre_dat = (SELECT Max(acp1.cre_dat) \r\n                                         FROM   oes_fod_match acp1 \r\n                                         WHERE  acp.part_no = acp1.part_no \r\n                                                AND acp1.qty_free > 0 \r\n                                                AND acp1.TYPE = ''SUP'')) \r\n              qty_free_idc, \r\n              (SELECT Nvl(SUM(pl.qty_onhand), 0) \r\n               FROM   part_loc pl \r\n               WHERE  pl.part_no = pd.part_no \r\n                      AND pl.location_type = ''IN'' \r\n                      AND pl.plant IN ( ''A'', ''T'', ''L'' )) \r\n              current_stock_at_comp, \r\n              (SELECT Nvl(SUM(pl.qty_onhand), 0) \r\n               FROM   part_loc pl \r\n               WHERE  pl.part_no = pd.part_no \r\n                      AND pl.location_type = ''IN'' \r\n                      AND pl.plant IN ( ''Z'', ''V'' )) \r\n              current_stock_cz_comp, \r\n              (SELECT Nvl(SUM(pl.qty_onhand), 0) \r\n               FROM   part_loc pl \r\n               WHERE  pl.part_no = pd.part_no \r\n                      AND pl.location_type = ''IN'' \r\n                      AND pl.plant IN ( ''W'', ''2'' )) \r\n              current_stock_uk_comp, \r\n              (SELECT Nvl(SUM(pl.qty_onhand), 0) \r\n               FROM   part_loc pl \r\n               WHERE  pl.part_no = pd.part_no \r\n                      AND pl.location_type = ''IN'') \r\n              total_stock_comp, \r\n              (SELECT Nvl(Max(val_strg1), 0) \r\n               FROM   sd_domainval dv \r\n               WHERE  dv.val_strg = pd.part_no) \r\n              min_stock_lvl, \r\n              (SELECT Nvl(Max(val_strg2), 0) \r\n               FROM   sd_domainval dv \r\n               WHERE  dv.val_strg = pd.part_no) \r\n              min_order_qty, \r\n              (SELECT Nvl(Max(val_strg3), ''ND'') \r\n               FROM   sd_domainval dv \r\n               WHERE  dv.val_strg = pd.part_no) \r\n              pref_assembly_plant, \r\n              (SELECT Nvl(Max(pp.qty), 0) \r\n               FROM   oes_purpos pp \r\n               WHERE  pp.av_part_no = pd.part_no \r\n                      AND pp.c_status != ''D'' \r\n                      AND pp.datneu = (SELECT Max(pp1.datneu) \r\n                                       FROM   oes_purpos pp1 \r\n                                       WHERE  pp1.av_part_no = pp.av_part_no \r\n                                              AND pp1.c_status != ''D'')) \r\n              last_aw_po_qty, \r\n              (SELECT Nvl(SUM(ps.requ_qty - Nvl(ps.del_qty, 0)), 0) \r\n               FROM   oes_purpos pp, \r\n                      oes_purseg ps \r\n               WHERE  ps.headnr = pp.headnr \r\n                      AND ps.posnr = pp.posnr \r\n                      AND pp.av_part_no = pd.part_no \r\n                      AND ps.c_status NOT IN ( ''9'', ''D'' ) \r\n                      AND ps.o_status NOT IN ( ''D'', ''9'' )) \r\n              open_aw_po_qty, \r\n              (SELECT Nvl(SUM(ps.requ_qty), 0) \r\n               FROM   oes_purpos pp, \r\n                      oes_purseg ps \r\n               WHERE  ps.headnr = pp.headnr \r\n                      AND ps.posnr = pp.posnr \r\n                      AND pp.av_part_no = pd.part_no \r\n                      AND ps.c_status != ''D'' \r\n                      AND ps.requ_date > SYSDATE - 90) \r\n              sum_aw_po_qty_3_mths, \r\n              (SELECT Nvl(SUM(ps.requ_qty), 0) \r\n               FROM   oes_purpos pp, \r\n                      oes_purseg ps \r\n               WHERE  ps.headnr = pp.headnr \r\n                      AND ps.posnr = pp.posnr \r\n                      AND pp.av_part_no = pd.part_no \r\n                      AND ps.c_status != ''D'' \r\n                      AND ps.requ_date > SYSDATE - 180) \r\n              sum_aw_po_qty_6_mths, \r\n              (SELECT Nvl(SUM(ps.requ_qty), 0) \r\n               FROM   oes_purpos pp, \r\n                      oes_purseg ps \r\n               WHERE  ps.headnr = pp.headnr \r\n                      AND ps.posnr = pp.posnr \r\n                      AND pp.av_part_no = pd.part_no \r\n                      AND ps.c_status != ''D'' \r\n                      AND ps.requ_date > SYSDATE - 270) \r\n              sum_aw_po_qty_9_mths, \r\n              (SELECT Nvl(SUM(ps.requ_qty), 0) \r\n               FROM   oes_purpos pp, \r\n                      oes_purseg ps \r\n               WHERE  ps.headnr = pp.headnr \r\n                      AND ps.posnr = pp.posnr \r\n                      AND pp.av_part_no = pd.part_no \r\n                      AND ps.c_status != ''D'' \r\n                      AND ps.requ_date > SYSDATE - 365) \r\n              sum_aw_po_qty_12_mths, \r\n              (SELECT Nvl(SUM(ps.requ_qty), 0) \r\n               FROM   oes_purpos pp, \r\n                      oes_purseg ps \r\n               WHERE  ps.headnr = pp.headnr \r\n                      AND ps.posnr = pp.posnr \r\n                      AND pp.av_part_no = pd.part_no \r\n                      AND ps.c_status != ''D'' \r\n                      AND ps.requ_date > SYSDATE - 540) \r\n              sum_aw_po_qty_18_mths, \r\n              (SELECT Nvl(SUM(ps.requ_qty), 0) \r\n               FROM   oes_purpos pp, \r\n                      oes_purseg ps \r\n               WHERE  ps.headnr = pp.headnr \r\n                      AND ps.posnr = pp.posnr \r\n                      AND pp.av_part_no = pd.part_no \r\n                      AND ps.c_status != ''D'' \r\n                      AND ps.requ_date > SYSDATE - 730) \r\n              sum_aw_po_qty_24_mths, \r\n              (SELECT Nvl(Avg(pp.qty), 0) \r\n               FROM   oes_purpos pp \r\n               WHERE  pp.av_part_no = pd.part_no \r\n                      AND pp.c_status != ''D'' \r\n                      AND pp.datneu > SYSDATE - 90) \r\n              avg_aw_po_qty_3_mths, \r\n              (SELECT Nvl(Avg(pp.qty), 0) \r\n               FROM   oes_purpos pp \r\n               WHERE  pp.av_part_no = pd.part_no \r\n                      AND pp.c_status != ''D'' \r\n                      AND pp.datneu > SYSDATE - 180) \r\n              avg_aw_po_qty_6_mths, \r\n              (SELECT Nvl(Avg(pp.qty), 0) \r\n               FROM   oes_purpos pp \r\n               WHERE  pp.av_part_no = pd.part_no \r\n                      AND pp.c_status != ''D'' \r\n                      AND pp.datneu > SYSDATE - 270) \r\n              avg_aw_po_qty_9_mths, \r\n              (SELECT Nvl(Avg(pp.qty), 0) \r\n               FROM   oes_purpos pp \r\n               WHERE  pp.av_part_no = pd.part_no \r\n                      AND pp.c_status != ''D'' \r\n                      AND pp.datneu > SYSDATE - 365) \r\n              avg_aw_po_qty_12_mths, \r\n              (SELECT Nvl(Avg(pp.qty), 0) \r\n               FROM   oes_purpos pp \r\n               WHERE  pp.av_part_no = pd.part_no \r\n                      AND pp.c_status != ''D'' \r\n                      AND pp.datneu > SYSDATE - 540) \r\n              avg_aw_po_qty_18_mths, \r\n              (SELECT Nvl(Avg(pp.qty), 0) \r\n               FROM   oes_purpos pp \r\n               WHERE  pp.av_part_no = pd.part_no \r\n                      AND pp.c_status != ''D'' \r\n                      AND pp.datneu > SYSDATE - 730) \r\n              avg_aw_po_qty_24_mths, \r\n              (SELECT Nvl(SUM(ds.delqty), 0) \r\n               FROM   oes_opos op, \r\n                      oes_oposdelseg ds, \r\n                      oes_nrbom nb, \r\n                      ncf_comppart cp \r\n               WHERE  cp.item_part_no = pd.part_no \r\n                      AND nb.c_catnr = cp.catnr \r\n                      AND nb.c_prodtyp = cp.prodtyp \r\n                      AND nb.c_packtyp = cp.packtyp \r\n                      AND nb.c_vernr = cp.vernr \r\n                      AND op.ordnr = ds.ordnr \r\n                      AND op.posnr = ds.posnr \r\n                      AND op.catnr = nb.p_catnr \r\n                      AND op.prodtyp = nb.p_prodtyp \r\n                      AND op.packtyp = nb.p_packtyp \r\n                      AND op.vernr = nb.p_vernr \r\n                      AND nb.active = ''Y'' \r\n                      AND op.ol_typ IN ( ''XX'', ''CO'' ) \r\n                      AND op.datneu > SYSDATE - 90) \r\n              consumption_3_mths, \r\n              (SELECT Nvl(SUM(ds.delqty), 0) \r\n               FROM   oes_opos op, \r\n                      oes_oposdelseg ds, \r\n                      oes_nrbom nb, \r\n                      ncf_comppart cp \r\n               WHERE  cp.item_part_no = pd.part_no \r\n                      AND nb.c_catnr = cp.catnr \r\n                      AND nb.c_prodtyp = cp.prodtyp \r\n                      AND nb.c_packtyp = cp.packtyp \r\n                      AND nb.c_vernr = cp.vernr \r\n                      AND op.ordnr = ds.ordnr \r\n                      AND op.posnr = ds.posnr \r\n                      AND op.catnr = nb.p_catnr \r\n                      AND op.prodtyp = nb.p_prodtyp \r\n                      AND op.packtyp = nb.p_packtyp \r\n                      AND op.vernr = nb.p_vernr \r\n                      AND nb.active = ''Y'' \r\n                      AND op.ol_typ IN ( ''XX'', ''CO'' ) \r\n                      AND op.datneu > SYSDATE - 180) \r\n              consumption_6_mths, \r\n              (SELECT Nvl(SUM(ds.delqty), 0) \r\n               FROM   oes_opos op, \r\n                      oes_oposdelseg ds, \r\n                      oes_nrbom nb, \r\n                      ncf_comppart cp \r\n               WHERE  cp.item_part_no = pd.part_no \r\n                      AND nb.c_catnr = cp.catnr \r\n                      AND nb.c_prodtyp = cp.prodtyp \r\n                      AND nb.c_packtyp = cp.packtyp \r\n                      AND nb.c_vernr = cp.vernr \r\n                      AND op.ordnr = ds.ordnr \r\n                      AND op.posnr = ds.posnr \r\n                      AND op.catnr = nb.p_catnr \r\n                      AND op.prodtyp = nb.p_prodtyp \r\n                      AND op.packtyp = nb.p_packtyp \r\n                      AND op.vernr = nb.p_vernr \r\n                      AND nb.active = ''Y'' \r\n                      AND op.ol_typ IN ( ''XX'', ''CO'' ) \r\n                      AND op.datneu > SYSDATE - 270) \r\n              consumption_9_mths, \r\n              (SELECT Nvl(SUM(ds.delqty), 0) \r\n               FROM   oes_opos op, \r\n                      oes_oposdelseg ds, \r\n                      oes_nrbom nb, \r\n                      ncf_comppart cp \r\n               WHERE  cp.item_part_no = pd.part_no \r\n                      AND nb.c_catnr = cp.catnr \r\n                      AND nb.c_prodtyp = cp.prodtyp \r\n                      AND nb.c_packtyp = cp.packtyp \r\n                      AND nb.c_vernr = cp.vernr \r\n                      AND op.ordnr = ds.ordnr \r\n                      AND op.posnr = ds.posnr \r\n                      AND op.catnr = nb.p_catnr \r\n                      AND op.prodtyp = nb.p_prodtyp \r\n                      AND op.packtyp = nb.p_packtyp \r\n                      AND op.vernr = nb.p_vernr \r\n                      AND nb.active = ''Y'' \r\n                      AND op.ol_typ IN ( ''XX'', ''CO'' ) \r\n                      AND op.datneu > SYSDATE - 365) \r\n              consumption_12_mths, \r\n              (SELECT Nvl(SUM(ds.delqty), 0) \r\n               FROM   oes_opos op, \r\n                      oes_oposdelseg ds, \r\n                      oes_nrbom nb, \r\n                      ncf_comppart cp \r\n               WHERE  cp.item_part_no = pd.part_no \r\n                      AND nb.c_catnr = cp.catnr \r\n                      AND nb.c_prodtyp = cp.prodtyp \r\n                      AND nb.c_packtyp = cp.packtyp \r\n                      AND nb.c_vernr = cp.vernr \r\n                      AND op.ordnr = ds.ordnr \r\n                      AND op.posnr = ds.posnr \r\n                      AND op.catnr = nb.p_catnr \r\n                      AND op.prodtyp = nb.p_prodtyp \r\n                      AND op.packtyp = nb.p_packtyp \r\n                      AND op.vernr = nb.p_vernr \r\n                      AND nb.active = ''Y'' \r\n                      AND op.ol_typ IN ( ''XX'', ''CO'' ) \r\n                      AND op.datneu > SYSDATE - 540) \r\n              consumption_18mths, \r\n              (SELECT Nvl(SUM(ds.delqty), 0) \r\n               FROM   oes_opos op, \r\n                      oes_oposdelseg ds, \r\n                      oes_nrbom nb, \r\n                      ncf_comppart cp \r\n               WHERE  cp.item_part_no = pd.part_no \r\n                      AND nb.c_catnr = cp.catnr \r\n                      AND nb.c_prodtyp = cp.prodtyp \r\n                      AND nb.c_packtyp = cp.packtyp \r\n                      AND nb.c_vernr = cp.vernr \r\n                      AND op.ordnr = ds.ordnr \r\n                      AND op.posnr = ds.posnr \r\n                      AND op.catnr = nb.p_catnr \r\n                      AND op.prodtyp = nb.p_prodtyp \r\n                      AND op.packtyp = nb.p_packtyp \r\n                      AND op.vernr = nb.p_vernr \r\n                      AND nb.active = ''Y'' \r\n                      AND op.ol_typ IN ( ''XX'', ''CO'' ) \r\n                      AND op.datneu > SYSDATE - 730) \r\n              consumption_24_mths, \r\n              (SELECT Nvl(SUM(al.qty_onhand), 0) \r\n               FROM   bds_location@sid_to_cdsuk l, \r\n                      bds_article_location@sid_to_cdsuk al \r\n               WHERE  al.article_no = ''9'' \r\n                                      ||nrb.p_catnr \r\n                      AND al.qty_onhand <> 0 \r\n                      AND l.location_no = al.location_no \r\n                      AND l.location_no LIKE ''  1             DCMS%'' \r\n                      AND l.location_class NOT IN ( ''D'', ''C'' )) \r\n              onhand_CDS, \r\n              (SELECT Nvl(SUM(st.qty_in_process), 0) \r\n               FROM   bds_article_invlevel_org@sid_to_cdsuk st \r\n               WHERE  st.article_no = ''9'' \r\n                                      ||nrb.p_catnr) \r\n              allocated_CDS, \r\n              (SELECT Nvl(SUM(st.qty_in_process), 0) \r\n               FROM   bds_article_invlevel_org@sid_to_cdsuk st \r\n               WHERE  st.article_no = ''9'' \r\n                                      ||nrb.p_catnr) \r\n              allocated_CDS, \r\n              (SELECT Min(selection_relse_date) \r\n               FROM   bds_selection_org@sid_to_cdsuk st \r\n               WHERE  Substr(selection_no, 2, 99) = pd.catnr)           NR_DATE, \r\n              (SELECT Nvl(SUM(dp.del_qty), 0) \r\n               FROM   bds_dhead@sid_to_cdsuk dh, \r\n                      bds_dline@sid_to_cdsuk dp \r\n               WHERE  dp.dhead_no = dh.dhead_no \r\n                      AND dh.d_status = ''9'' \r\n                      AND dp.article_no = ''9'' \r\n                                          ||nrb.p_catnr \r\n                      AND dh.actshpdate > SYSDATE - 7) \r\n              sum_CDS_delqty_1_week, \r\n              (SELECT Nvl(SUM(dp.del_qty), 0) \r\n               FROM   bds_dhead@sid_to_cdsuk dh, \r\n                      bds_dline@sid_to_cdsuk dp \r\n               WHERE  dp.dhead_no = dh.dhead_no \r\n                      AND dh.d_status = ''9'' \r\n                      AND dp.article_no = ''9'' \r\n                                          ||nrb.p_catnr \r\n                      AND dh.actshpdate > SYSDATE - 14) \r\n              sum_CDS_delqty_2_weeks, \r\n              (SELECT Nvl(SUM(dp.del_qty), 0) \r\n               FROM   bds_dhead@sid_to_cdsuk dh, \r\n                      bds_dline@sid_to_cdsuk dp \r\n               WHERE  dp.dhead_no = dh.dhead_no \r\n                      AND dh.d_status = ''9'' \r\n                      AND dp.article_no = ''9'' \r\n                                          ||nrb.p_catnr \r\n                      AND dh.actshpdate > SYSDATE - 30) \r\n              sum_CDS_delqty_1_mths, \r\n              (SELECT Nvl(SUM(dp.del_qty), 0) \r\n               FROM   bds_dhead@sid_to_cdsuk dh, \r\n                      bds_dline@sid_to_cdsuk dp \r\n               WHERE  dp.dhead_no = dh.dhead_no \r\n                      AND dh.d_status = ''9'' \r\n                      AND dp.article_no = ''9'' \r\n                                          ||nrb.p_catnr \r\n                      AND dh.actshpdate > SYSDATE - 90) \r\n              sum_CDS_delqty_3_mths, \r\n              (SELECT Nvl(SUM(dp.del_qty), 0) \r\n               FROM   bds_dhead@sid_to_cdsuk dh, \r\n                      bds_dline@sid_to_cdsuk dp \r\n               WHERE  dp.dhead_no = dh.dhead_no \r\n                      AND dh.d_status = ''9'' \r\n                      AND dp.article_no = ''9'' \r\n                                          ||nrb.p_catnr \r\n                      AND dh.actshpdate > SYSDATE - 180) \r\n              sum_CDS_delqty_6_mths, \r\n              (SELECT Nvl(SUM(dp.del_qty), 0) \r\n               FROM   bds_dhead@sid_to_cdsuk dh, \r\n                      bds_dline@sid_to_cdsuk dp \r\n               WHERE  dp.dhead_no = dh.dhead_no \r\n                      AND dh.d_status = ''9'' \r\n                      AND dp.article_no = ''9'' \r\n                                          ||nrb.p_catnr \r\n                      AND dh.actshpdate > SYSDATE - 270) \r\n              sum_CDS_delqty_9_mths, \r\n              (SELECT Nvl(SUM(dp.del_qty), 0) \r\n               FROM   bds_dhead@sid_to_cdsuk dh, \r\n                      bds_dline@sid_to_cdsuk dp \r\n               WHERE  dp.dhead_no = dh.dhead_no \r\n                      AND dh.d_status = ''9'' \r\n                      AND dp.article_no = ''9'' \r\n                                          ||nrb.p_catnr \r\n                      AND dh.actshpdate > SYSDATE - 365) \r\n              sum_CDS_delqty_12_mths, \r\n              (SELECT Nvl(SUM(dp.del_qty), 0) \r\n               FROM   bds_dhead@sid_to_cdsuk dh, \r\n                      bds_dline@sid_to_cdsuk dp \r\n               WHERE  dp.dhead_no = dh.dhead_no \r\n                      AND dh.d_status = ''9'' \r\n                      AND dp.article_no = ''9'' \r\n                                          ||nrb.p_catnr \r\n                      AND dh.actshpdate > SYSDATE - 540) \r\n              sum_CDS_delqty_18_mths, \r\n              (SELECT Nvl(SUM(dp.del_qty), 0) \r\n               FROM   bds_dhead@sid_to_cdsuk dh, \r\n                      bds_dline@sid_to_cdsuk dp \r\n               WHERE  dp.dhead_no = dh.dhead_no \r\n                      AND dh.d_status = ''9'' \r\n                      AND dp.article_no = ''9'' \r\n                                          ||nrb.p_catnr \r\n                      AND dh.actshpdate > SYSDATE - 730) \r\n              sum_CDS_delqty_24_mths, \r\n              (SELECT SUM(ds.planqty - Nvl(ds.delqty, 0)) \r\n               FROM   oes_opos op, \r\n                      oes_oposdelseg ds, \r\n                      ncf_comppart nc, \r\n                      oes_nrbom nb \r\n               WHERE  ds.ordnr = op.ordnr \r\n                      AND ds.posnr = op.posnr \r\n                      AND nc.item_part_no = pd.part_no \r\n                      AND nb.c_catnr = nc.catnr \r\n                      AND nb.c_prodtyp = nc.prodtyp \r\n                      AND nb.c_packtyp = nc.packtyp \r\n                      AND nb.c_vernr = nc.vernr \r\n                      AND op.catnr = nb.p_catnr \r\n                      AND op.prodtyp = nb.p_prodtyp \r\n                      AND op.packtyp = nb.p_packtyp \r\n                      AND op.vernr = nb.p_vernr \r\n                      AND ds.c_status NOT IN ( ''9'', ''D'' ) \r\n                      AND op.ol_typ = ''XX'') \r\n              sum_open_xx_order, \r\n              (SELECT Nvl(SUM(pl.qty_onhand), 0) \r\n               FROM   ncf_comppart nc, \r\n                      oes_nrbom nb, \r\n                      part_description pd1, \r\n                      part_loc pl \r\n               WHERE  nc.item_part_no = pd.part_no \r\n                      AND nb.c_catnr = nc.catnr \r\n                      AND nb.c_prodtyp = nc.prodtyp \r\n                      AND nb.c_packtyp = nc.packtyp \r\n                      AND nb.c_vernr = nc.vernr \r\n                      AND pd1.catnr = nb.p_catnr \r\n                      AND pd1.prodtyp = nb.p_prodtyp \r\n                      AND pd1.packtyp = nb.p_packtyp \r\n                      AND pd1.vernr = nb.p_vernr \r\n                      AND pl.part_no = pd1.part_no) \r\n              onhand_avalon_fp, \r\nHope that makes sense ?!?\r\n\r\nThanks all', 17, 'sql', 'oracle', 'php', '', '', 0, '2014-10-20 11:38:12', '2014-10-20 11:38:12'),
(95, 'Date insertion to php table via php failing', '         	i have a cart displayed and the user has to select the date of delivery from the calendar widget and click on Confirm button. on submit, the order cart should be populated along with the entered date of delivery.\r\n\r\nthe code i used is:\r\n\r\n<?php\r\necho "<form action='''' name=''form1'' >";\r\n\r\n//some disaply codes here\r\n\r\n    echo "Choose the Date of delivery<input type=''date'' name=''date''>";\r\n\r\n\r\n                echo "<input type=''submit'' class=''btn btn-default'' name=''final_submission'' value =''Confirm Order''>";\r\n                echo "</form>";      \r\n  ?>\r\nthe code for insertion is:\r\n\r\n<?php\r\nif (isset($_POST[''final_submission''])){\r\n                    error_reporting(E_ALL);\r\n                    ini_set(''display_errors'', 1);\r\n\r\n                        $IP="my localhost";\r\n                        $USER="my user name";\r\n                        $conn=mysqli_connect($IP,$USER,"","my database name");\r\n                        if (mysqli_connect_errno()) {\r\n                            echo "Failed to connect to MySQL: " . mysqli_connect_error();\r\n                        }\r\n\r\n\r\n$date = stripslashes($_POST[''date'']);\r\n\r\n$query="select * from cart";\r\n\r\nwhile($row = mysqli_fetch_array($result)) {\r\n    $us_id=$row[''user_id''];\r\n    $pr_id=$row[''prod_id''];\r\n    $qtty=$row[''quantity''];\r\n\r\n    $query_insert = "insert into orders(user_id, prod_id, quantity, dt_del) values(''.$us_id.'',\r\n    ''.$pr_id.'', ''.$qtty.'',''.$date.'')";\r\n    $res_ins=mysqli_query($conn,$query_insert);\r\n   }\r\n}\r\n\r\n?>     \r\nthe orders table s not getting populated. I cant put my finger on the error. plz point it out\r\n\r\nphp mysql\r\nshare\r\nedited 4 mins ago\r\n\r\nSadikhasan\r\n4,9741931	\r\nasked 8 mins ago\r\n\r\nuser1290121\r\n16\r\n  	 	\r\nthe dt_del is date type in the orders table –  user1290121 6 mins ago\r\nadd a comment', 17, 'php', 'sql', '', '', '', 0, '2014-10-20 11:40:09', '2014-10-20 11:40:09'),
(96, 'PHP checking Radio button then outputting Name and Price', '         	Hello guys i have had many many questions about this and i just can not make it work.\r\n\r\nI have a few radio buttons A and B A has 4 radio buttons and B has 4. My code now echos the value of the selected radio button this is not what i want. I want it to check which button is selected and then echo The name of the product and also the price.\r\n\r\n<!DOCTYPE html>\r\n<html>\r\n  <head>\r\n    <title>Ordering System</title>\r\n\r\n<!-- include css file here-->\r\n   <link rel="stylesheet" href="css/style.css"/>\r\n\r\n  </head>   \r\n\r\n  <body>\r\n\r\n<?php\r\n\r\n //prices of Radio A\r\n  $A1 = 10;\r\n  $A2 = 20;\r\n  $A3 = 30;\r\n  $A4 = 50;  \r\n //prices of Radio B\r\n  $B1 = 20;\r\n  $B2 = 30;\r\n  $B3 = 40;\r\n  $B4 = 50;\r\n?>\r\n\r\n\r\n    <div class="container">\r\n        <div class="main">\r\n        <h2>A or B</h2><hr/>\r\n        <form method="post" action="form.php">\r\n         <hr/>\r\n\r\n        <!---------Radio Button''s starts here------> \r\n         <label class="heading">A:</label><br/>\r\n          <input type="radio" name="A" value="A1">Name Of Product A1<br/>\r\n\r\n          <input type="radio" name="A" value="A2">Name Of Product A2<br/>\r\n\r\n          <input type="radio" name="A" value="A3">Name Of Product A3<br/>\r\n\r\n          <input type="radio" name="A" value="A4">Name Of Product A4<br/><br/>\r\n\r\n         <label class="heading">B:</label><br/>\r\n          <input type="radio" name="B" value="B1">Name Of Product B1<br/>\r\n\r\n          <input type="radio" name="B" value="B2">Name Of Product B2<br/>\r\n\r\n          <input type="radio" name="B" value="B3">Name Of Product B3<br/>\r\n\r\n          <input type="radio" name="B" value="B4">Name Of Product B4<br/><br/>\r\n\r\n\r\n          <?php \r\n                if (isset($_POST[''submit''])) {\r\n\r\n                if(isset($_POST[''A'']))\r\n                {\r\n                 echo "First selection:<b> ".$_POST[''A'']."</b> <br>" ;\r\n                }\r\n                else{ echo "<span>Please choose.</span>";}\r\n                }\r\n\r\n                if (isset($_POST[''submit''])) {\r\n\r\n                if(isset($_POST[''B'']))\r\n                {\r\n                 echo "Second Selection:<b> ".$_POST[''B'']."</b>";\r\n                }\r\n                else{ echo "<span>Please choose.</span>";}\r\n                }   \r\n\r\n                    $radio = $_POST[''A''];\r\n                    if ($radio == ''A1'') {\r\n                    echo $A1}\r\n                    ?>\r\n\r\n            <hr/>\r\n          <input type="submit" name="submit" value="Order" />\r\n\r\n         </form>\r\n        </div>\r\n   </div>\r\n\r\n  </body>\r\n</html>\r\nof course i googled when i got this problem and i found this. But this gives me a error when i implement it like above\r\n\r\nError: ( ! ) Parse error: syntax error, unexpected ''}'', expecting '','' or '';'' in C:\\wamp\\www\\OK\\form.php on line 78\r\n\r\n<?php\r\n    $radio = $_POST[''RadioName''];\r\n    if ($radio == ''Value'') {\r\n    echo "Print The Price Here"}\r\n?>\r\nthen i found : but this gives me the error: ( ! ) Parse error: syntax error, unexpected ''}'', expecting '','' or '';'' in C:\\wamp\\www\\OK\\form.php on line 81\r\n\r\n<?php\r\nif ($_SERVER[''REQUEST_METHOD''] === ''POST'')\r\n{\r\n    if ($_POST[''RadioName''] == "Value")\r\n    {\r\n        echo ""\r\n    }\r\n    else if ($_POST[''RadioName''] == "Value2")\r\n    {\r\n        echo ""\r\n    }\r\n}\r\n?>\r\nwhen implemented like:\r\n\r\n<?php\r\nif ($_SERVER[''REQUEST_METHOD''] === ''POST'')\r\n{\r\n    if ($_POST[''A''] == "A1")\r\n    {\r\n        echo $A1\r\n    }\r\n    else if ($_POST[''A''] == "A2")\r\n    {\r\n        echo $A2\r\n    }\r\n}\r\n?>\r\nIs there another solution that works? or can any of these solutions tweaked so that they will work? Thank you :D', 17, 'html', 'php', '', '', '', 0, '2014-10-20 11:41:08', '2014-10-20 11:41:08'),
(97, 'Excel sheet to table with check box using php then sent sms', '         	I have an Excel sheet containing customers details (more than thousand)name, address,mobile number,email, i want to sent sms from my website using php. I wanted to upload this excel sheet to mysql database after that it will listed in a table with checkbox\r\n\r\nhow to sent sms to selected customers(using check box)\r\nhow to sent sms to all customers (using sms gateway)', 17, 'html', 'excel', '', '', '', 0, '2014-10-20 11:41:48', '2014-10-20 11:41:48'),
(98, 'How to avoid browser caching of assets/vendor.js?', '         	 have Ember-CLI application and in index.html there is lines:\r\n\r\n<link rel="stylesheet" href="assets/vendor.css">\r\n<script src="assets/vendor.js"></script>\r\nAnd browser caches this files. And I want to add ?v=:version-no, I want to do generation of version during execution of ember build.\r\n\r\nHow can I add this feature into ember build?', 17, 'javascript', 'html', '', '', '', 0, '2014-10-20 11:42:15', '2014-10-20 11:42:15'),
(99, 'Thank You message display after form submission mvc umbraco', '         	I have created a Contact us form using surface controller in umbraco. Form is working fine. Now i need to display a thank you message after form submission using java script. i am quite weak in java scipt please guide me how i can do it. I am pasting the code that i have implemented.\r\n\r\nMy ActionResult\r\n\r\npublic ActionResult Contact(ContactUs model)\r\n    {\r\n        if (ModelState.IsValid)\r\n        {\r\n            var sb = new StringBuilder();\r\n            sb.Append("<table>");\r\n            sb.Append("<tr>");\r\n            sb.Append("<td>Name</td>");\r\n            sb.Append(string.Format("<td>{0}</td>", model.Name));\r\n            sb.Append("</tr>");\r\n            sb.Append("<tr>");\r\n            sb.Append("<td>Company</td>");\r\n            sb.Append(string.Format("<td>{0}</td>", model.Company));\r\n            sb.Append("</tr>");\r\n            sb.Append("<tr>");\r\n            sb.Append("<td>Email</td>");\r\n            sb.Append(string.Format("<td>{0}</td>", model.EmailFrom));\r\n            sb.Append("<tr>");\r\n            sb.Append("<td>Phone</td>");\r\n            sb.Append(string.Format("<td>{0}</td>", model.Tel));\r\n            sb.Append("</tr>");\r\n            sb.Append("<tr>");\r\n            sb.Append("<td>Interested</td>");\r\n            sb.Append(string.Format("<td>{0}</td>", model.Intrested));\r\n            sb.Append("</tr>");\r\n            sb.Append("<tr>");\r\n            sb.Append("<td>Message</td>");\r\n            sb.Append(string.Format("<td>{0}</td>", model.Message));\r\n            sb.Append("</tr>");\r\n            String subject = String.Format("{0} wants to talk to you!", model.Name, model.EmailFrom, model.Company);\r\n            string emailTo = Umbraco.Field("toEmail").ToString();\r\n\r\n            SmtpClient smtpServer = new SmtpClient();\r\n            smtpServer.Host = Umbraco.Field("host").ToString();\r\n\r\n            string ssl = Umbraco.Field("ssl").ToString();\r\n            smtpServer.EnableSsl = Convert.ToBoolean(ssl);\r\n            //smtpServer.EnableSsl = true;\r\n            //smtpServer.Host = "119.159.253.203";\r\n            //smtpServer.Credentials = new System.Net.NetworkCredential("raheemjanjua28@gmail.com", "code-desk");\r\n            System.Net.NetworkCredential Credentials = new System.Net.NetworkCredential();\r\n            Credentials.UserName = Umbraco.Field("fromEmailAddress").ToString();\r\n            Credentials.Password = Umbraco.Field("password").ToString();\r\n\r\n            smtpServer.UseDefaultCredentials = false;\r\n            smtpServer.Credentials = Credentials;\r\n            string portNumber = Umbraco.Field("portNumber").ToString();\r\n            smtpServer.Port = int.Parse(portNumber);\r\n\r\n            MailMessage mail = new MailMessage();\r\n            mail.From = new MailAddress(model.EmailFrom);\r\n            mail.To.Add(emailTo);\r\n            //mail.To.Add("ammar.zaheer@code-desk.com");\r\n            mail.Subject = subject;\r\n            mail.IsBodyHtml = true;\r\n            mail.Body = sb.ToString();\r\n            if (model.Attachment != null && model.Attachment.ContentLength > 0)\r\n            {\r\n                var attachment = new Attachment(model.Attachment.InputStream, model.Attachment.FileName);\r\n                mail.Attachments.Add(attachment);\r\n            }\r\n            smtpServer.Send(mail);\r\n\r\n            return CurrentUmbracoPage();\r\n        }\r\n\r\n        else\r\n        {\r\n\r\n            return CurrentUmbracoPage();\r\n        }\r\n    }\r\nand this my view\r\n\r\n   <div id="respond" class="comment-respond">\r\n  @model Umbraco.AddingValues.Web.Model.ContactUs\r\n\r\n   @using (Html.BeginUmbracoForm("Contact", "ContactUsSurface", FormMethod.Post, new { @class = "contact-form" }))\r\n { \r\n@Html.ValidationSummary(true)\r\n\r\n<div id="form">\r\n    <div class="comment-form-author">\r\n    @Html.LabelFor(x => x.Name)\r\n    @Html.TextBoxFor(x => x.Name)\r\n    @Html.ValidationMessageFor(x => x.Name)\r\n     </div>\r\n     <div class="comment-form-author">\r\n     @Html.LabelFor(x => x.Company)\r\n    @Html.TextBoxFor(x => x.Company)\r\n    @Html.ValidationMessageFor(x => x.Company)\r\n      </div>\r\n      <div class="comment-form-email">\r\n    @Html.LabelFor(x => x.EmailFrom, "Email")\r\n    @Html.TextBoxFor(x => x.EmailFrom)\r\n    @Html.ValidationMessageFor(x => x.EmailFrom,"Please enter a valid Email Address")\r\n      </div>\r\n     <div class="comment-form-author">\r\n    @Html.LabelFor(x => x.Tel)\r\n    @Html.TextBoxFor(x => x.Tel)\r\n    @Html.ValidationMessageFor(x => x.Tel)\r\n         </div>\r\n       <div class="comment-form-url">\r\n    @Html.LabelFor(x => x.Intrested)\r\n    @Html.TextBoxFor(x => x.Intrested)\r\n    @Html.ValidationMessageFor(x => x.Intrested)\r\n      </div>\r\n     <div class="comment-form-comment">\r\n    @Html.LabelFor(x => x.Message)\r\n    @Html.TextAreaFor(x => x.Message)\r\n    @Html.ValidationMessageFor(x => x.Message)\r\n       </div>\r\n\r\n</div>\r\n <div id ="hidden_div" style="display: none">\r\n    <h3>Thank You</h3>\r\n</div>\r\n <div class="forms-button">\r\n<input id="submit" class="button" name="submit" type="submit" value="Submit" onsubmit="alert(''thank you'')" />\r\n     <div class="fileUpload ">\r\n            <span>Upload</span>\r\n           @* <input type="file" class="upload" />*@\r\n         <input type="file" name="attachment" id="attachment" class="upload" value ="Upload"/> \r\n        </div>\r\n    </div>\r\n}\r\n\r\nThis is the java script code i am implementing\r\n\r\n  <script type="text/javascript">\r\n  function showHide() {\r\n\r\n    var div = document.getElementById("hidden_div");\r\n    if (div.style.display == ''none'') {\r\n        div.style.display = '''';\r\n    }\r\n    else {\r\n        div.style.display = ''none'';\r\n    }\r\n}\r\njavascript asp.net-mvc forms umbraco7\r\nshare', 17, 'html', 'javascript', '', '', '', 0, '2014-10-20 11:43:09', '2014-10-20 11:43:09'),
(100, 'Flexslider with Mousewheel direction and OSX', '         	i just trying to build a Imageslider with Scroll(Mousewheel)-functionality. It should work wit a normal mouse and also with the trackpad on OSX. Furthermore I also want to make it responsive and so it should work on mobile devices.\r\n\r\nI just found Flexslider combined with mousewheel.js: http://codepen.io/hericdk/pen/wKmEI\r\n\r\nJS:\r\n\r\n$(''.flexslider'').flexslider({\r\n    animation: "slide",\r\n    mousewheel: true,                  \r\n    slideshow: false,                    \r\n    video: true,\r\n  before: function(){ \r\n  $(''.slides > li > video'').each( function(i) {\r\n        $(this).get(0).pause();\r\n    });\r\n}\r\n\r\n});\r\nBut it just works in one direction (so I cant scroll back) and it scrolls horizontally but i want it vertically. Do you know any solution for this, or may have another slider in mind with this functionalities?\r\n\r\nThanks in advance', 17, 'jquery', 'plugin', 'html', '', '', 0, '2014-10-20 11:43:54', '2014-10-20 11:43:54');
INSERT INTO `questions` (`id`, `title`, `contenu`, `id_user`, `keyword1`, `keyword2`, `keyword3`, `keyword4`, `keyword5`, `vues`, `dateCreated`, `dateModified`) VALUES
(101, 'MySQL structure to SQLite', '         	I am trying to use MySQL workbench to export my model to SQLite. I don''t need the data just the structure. Do you have any suggestion? Exporting to SQL and creating tables with SQLite3 using that won''t work as there are several differences between MySQL and SQLite syntaxes.', 17, 'mysql', 'php', '', '', '', 0, '2014-10-20 11:45:26', '2014-10-20 11:45:26'),
(102, 'Centering text any screen size', '         	Can someone help me to center my text using javascript or in css? I''m using bootstrap on this.\r\n\r\nThanks', 17, 'css', 'html', '', '', '', 0, '2014-10-20 11:46:28', '2014-10-20 11:46:28'),
(103, 'Javascript not validating fields', '         	\r\nI have the following code snippet. For some reason the validation is not working.\r\n\r\nI am trying to validate two things:\r\n\r\nthat no textfield is left empty\r\nthat the password field has at least 8 characters\r\nif any of these is false, I should get an error. But this error message is never being shown. Below is the snippet:\r\n\r\nfunction validate() {\r\n    if (document.getElementById("name").value == '''') {\r\n        document.getElementById("errorMsg").value=="You have forgotten to enter your name";\r\n    }\r\n    else if (document.getElementById("surname").value == '''') {\r\n        document.getElementById("errorMsg").value == "You have forgotten to enter your surname";\r\n    }\r\n    else if (document.getElementById("email").value == '''') {\r\n        document.getElementById("errorMsg").value == "You have forgotten to enter your email address";\r\n    }\r\n}\r\n* {\r\n	margin: 0px;\r\n	padding: 0px;\r\n}\r\n\r\n#title{\r\n    font: bold 20px Tahoma;\r\n    color: white;\r\n	margin: 10px;\r\n	text-align: left;\r\n    width: 80%;\r\n}\r\n\r\n#header{\r\n	padding: 80px;\r\n    font: 14px Tahoma;\r\n}\r\n\r\nbody{\r\n	width:100%;\r\n	display:-webkit-box;\r\n	-webkit-box-pack: center;\r\n}\r\n\r\n#main_container{\r\n	max-width: 1000px;\r\n	margin: 10px 0px;\r\n	display: -webkit-box;\r\n	-webkit-box-orient: vertical;\r\n	-webkit-box-flex: 1;\r\n}\r\n\r\n#control-container{\r\n	display:-webkit-box;\r\n	-webkit-box-orient: horizontal;\r\n}\r\n\r\n#label-container{\r\n	-webkit-box-flex: 1;\r\n	margin: 10px;\r\n}\r\n\r\np {\r\n    font: 14px Tahoma;\r\n	margin: 20px;\r\n    width: 350px;\r\n    height: 30px;\r\n}\r\n\r\n#element-container{\r\n	width: 500px;\r\n	margin: 20px 0px;\r\n	display: -webkit-box;\r\n	-webkit-box-orient: vertical;\r\n}\r\n\r\n#name{\r\n    font: 14px Tahoma;\r\n	margin: 10px;\r\n    width: 350px;\r\n    height: 30px;\r\n}\r\n\r\n#surname{\r\n    font: 14px Tahoma;\r\n    margin: 10px;\r\n    width: 350px;\r\n    height: 30px;\r\n}\r\n\r\n#email{\r\n    font: 14px Tahoma;\r\n    margin: 10px;\r\n    width: 350px;\r\n    height: 30px;\r\n}\r\n\r\n#password{\r\n    font: 14px Tahoma;\r\n    margin: 10px;\r\n    width: 350px;\r\n    height: 30px;\r\n}\r\n\r\ninput[type="text"]:focus{\r\n    outline: none;\r\n    box-shadow: 0px 0px 5px #7f0000;\r\n    border:1px solid #b20000;\r\n}\r\n\r\ninput[type="text"]:hover{\r\n    border: 1px solid #999;\r\n}\r\n\r\ninput[type="text"]:focus:hover{\r\n    outline: none;\r\n    box-shadow: 0px 0px 5px #7f0000;\r\n    border:1px solid #b20000;\r\n}  \r\n\r\ninput[type="password"]:focus{\r\n    outline: none;\r\n    box-shadow: 0px 0px 5px #7f0000;\r\n    border:1px solid #b20000;\r\n}\r\n\r\ninput[type="password"]:hover{\r\n    border: 1px solid #999;\r\n    border-radius: 0px;\r\n}\r\n\r\ninput[type="password"]:focus:hover{\r\n    outline: none;\r\n    box-shadow: 0px 0px 5px #7f0000;\r\n    border:1px solid #b20000;\r\n    border-radius:0;\r\n}  \r\n\r\n#register{\r\n    font: 14px Tahoma;\r\n	margin: 20px;\r\n    text-align: center;\r\n}\r\n\r\n#btnRegister {\r\n    width: 100px;\r\n    height: 30px;\r\n    margin: 20px;\r\n    text-align: center;\r\n}\r\n<!DOCTYPE html PUBLIC "-//W3C//DTD XHTML 1.0 Transitional//EN" "http://www.w3.org/TR/xhtml1/DTD/xhtml1-transitional.dtd">\r\n<html xmlns="http://www.w3.org/1999/xhtml">\r\n<head>\r\n    <meta http-equiv="Content-Type" content="text/html; charset=utf-8" />\r\n    <title>Fastloader - Register for a new account</title>\r\n    <link rel="stylesheet" href="register.css">\r\n	<script src="register.js"></script>\r\n</head>\r\n<body>\r\n    <div id = "main-container">\r\n	<header id = "header">\r\n		<h1>Register for a new account<h1>\r\n	</header>\r\n    <div id= "control-container">\r\n    <section id ="label-container">\r\n        <p><label>Enter your Name:</label></p>\r\n        <p><label>Enter your Surname:</label></p>\r\n        <p><label>Enter your Email address:</label></p>\r\n        <p><label>Choose a strong Password:</label></p>\r\n    </section>\r\n    \r\n    <section id = "element-container">\r\n        <div id = "name">            \r\n            <input name="Name" type="text" id="name"/>\r\n        </div>\r\n        <div id = "surname">\r\n            <input name="Surname" type="text" id="surname"/>\r\n        </div>\r\n        <div id = "email">\r\n            <input name="Email" type="text" id="email" />\r\n        </div>\r\n        <div id = "password">\r\n            <input name="Password" type="password" id = "password"/>\r\n        </div>\r\n    </section>\r\n    </div>\r\n        <footer id = "register">\r\n        <div id = "agreement">\r\n            <label>I have read the Terms and Conditions:</label>\r\n            <input name="agree" type="checkbox" id="agree" />\r\n        </div>\r\n            <div id = "error">\r\n            <p><label id = "errorMsg"></label></p>\r\n            </div>\r\n        <div id = "button">\r\n            <input type = "button" \r\n                   id="btnRegister" \r\n                   value = "Register" \r\n                   onclick="validate();"/>\r\n        </div>\r\n        </footer>\r\n    </div>\r\n</body>\r\n</html>\r\n\r\nCan someone please help me?', 17, 'javascript', '', '', '', '', 0, '2014-10-20 11:48:03', '2014-10-20 11:48:03'),
(104, 'Bootstrap popover overlay not positioned correctly', '         	I am having a problem with bootstrap''s popovers when inserting images. On the first click, the arrow on the left is sometimes too low. On the second click everything is ok.\r\n\r\nvar content = ''<p>Have a nice day</p><img src="https://si0.twimg.com/a/1339639284/images/three_circles/twitter-bird-white-on-blue.png" />'';\r\n\r\n$("#blob").popover({ content: content, html: true });\r\nThis occurs as well, but not so often, if the dimensions of the image are explicitly specified.\r\n\r\nhttp://jsfiddle.net/34zp7hsu/\r\n\r\nMaybe it is possible to draw the popover twice on click? Any help would be appreciated.', 38, 'bootstrap', 'css', 'html', '', '', 0, '2014-10-21 12:59:25', '2014-10-21 12:59:25'),
(105, 'CodeIgniter pass different vars through template', '         	I am new to CodeIgniter, and i''m having the following problem:\r\n\r\nWhen i load the view from within the controller, i used the following code:\r\n\r\n $this->load->view(''includes/header'');\r\n $this->load->view(''includes/main_menu'');\r\n $this->load->view(''show_users'');\r\n $this->load->view(''includes/footer'');\r\nNow i created a template that loads the header, menu, content and footer so i don''t have to load all those views inside every controller. This all works fine, until i pass data through the template towards the view.\r\n\r\nThe situation is now like this: controller - Template - view\r\n\r\nController: (show_users.php)\r\n\r\n$data[''userdata''] = $this->users_model->get_all_users();\r\n$data[''page''] = ''show_users'';\r\n\r\n$this->load->view(''template'', $data);\r\nTemplate: (template.php)\r\n\r\n$this->load->view(''includes/header'');\r\n$this->load->view(''includes/main_menu'');\r\n$this->load->view($page, $userdata);\r\n$this->load->view(''includes/footer'');\r\nView: (show_users.php)\r\n\r\n<div id="users_table">\r\n    <table border="1">\r\n        <tr>\r\n            <th>ID</th><th>First Name</th><th>Last Name</th>\r\n        </tr>\r\n        <?php\r\n        foreach($userdata as $r): ?>\r\n            <tr><td><?php echo $r[''id'']; ?></td><td><?php echo $r[''firstName'']; ?></td><td><?php echo $r[''lastName'']; ?></td></tr>\r\n        <?php endforeach; ?>\r\n    </table>\r\n</div>\r\nnow i pass the ''userdata'' variable towards the view by using\r\n\r\n$this->load->view($page, $userdata);\r\nand that works fine. But i want to use this template throughout the website, so the second parameter isnt always $userdata. (can be a random array, string etc with a different var name)\r\n\r\nis there any way i can solve this?\r\n\r\nthanks in advance', 39, 'php', 'codeIgniter', 'framework', '', '', 1, '2014-10-21 17:12:27', '2014-10-21 17:12:27'),
(106, 'bla bla bla', '<p>bla bla bla bla bla</p>', 38, 'bla ', 'bla ', '', '', '', 0, '2014-10-22 09:36:10', '2014-10-22 09:36:10'),
(107, 'marc question', '<p>sdfsdfdispfsjfsfjig</p>', 41, 'marc', '', '', '', '', 0, '2014-10-22 09:37:09', '2014-10-22 09:37:09'),
(128, 'How can I set up my programme to display content fullscreen on external monitor', '    I want to build a programme that can render content on an external monitor, without having to manually drag a window across to the monitor and make it fullscreen.\r\n\r\nThink of a powerpoint-type application where you have a "controller" screen, and the "output" screen. The controller can send various different images to be drawn on the output screen.\r\n\r\nI want to build the application in Rust, but the language here is not important. I''m equally comfortable with C. What I really want to know is how to go about this, even what to search for. This is new terrain for me, and I don''t know where to start.\r\n\r\nThe only thing I know how to do is to create two windows, and drag one to the external monitor and press "fullscreen". How do applications such as ProPresenter, PowerPoint and Keynote automatically detect and render fullscreen content on external monitors/displays/projectors?\r\n\r\nI''m not too fussed on cross-system solutions here either, I''ll be working mainly with OSX.\r\n\r\nI realise that I''m not giving a whole lot of detail here, an I apologise. I just don''t know what the right terminology is to even begin searching for the solution. If someone could point me in the right direction that would be great, and much appreciated!\r\n\r\n     	', 40, 'PHP', 'CSS3', 'Symfony', '', '', 8, '2014-10-23 21:51:23', '2014-10-23 21:51:23'),
(129, 'How can I set up my programme to display content fullscreen on external monitor', '         	I want to build a programme that can render content on an external monitor, without having to manually drag a window across to the monitor and make it fullscreen.\r\n\r\nThink of a powerpoint-type application where you have a "controller" screen, and the "output" screen. The controller can send various different images to be drawn on the output screen.\r\n\r\nI want to build the application in Rust, but the language here is not important. I''m equally comfortable with C. What I really want to know is how to go about this, even what to search for. This is new terrain for me, and I don''t know where to start.\r\n\r\nThe only thing I know how to do is to create two windows, and drag one to the external monitor and press "fullscreen". How do applications such as ProPresenter, PowerPoint and Keynote automatically detect and render fullscreen content on external monitors/displays/projectors?\r\n\r\nI''m not too fussed on cross-system solutions here either, I''ll be working mainly with OSX.\r\n\r\nI realise that I''m not giving a whole lot of detail here, an I apologise. I just don''t know what the right terminology is to even begin searching for the solution. If someone could point me in the right direction that would be great, and much appreciated!', 40, 'JOOMLA!', 'HTML5', 'DRUPAL', '', '', 44, '2014-10-23 21:52:30', '2014-10-23 21:52:30'),
(130, 'How can I set up my programme to display content fullscreen on external monitor', '         I want to build a programme that can render content on an external monitor, without having to manually drag a window across to the monitor and make it fullscreen.\r\n\r\nThink of a powerpoint-type application where you have a "controller" screen, and the "output" screen. The controller can send various different images to be drawn on the output screen.\r\n\r\nI want to build the application in Rust, but the language here is not important. I''m equally comfortable with C. What I really want to know is how to go about this, even what to search for. This is new terrain for me, and I don''t know where to start.\r\n\r\nThe only thing I know how to do is to create two windows, and drag one to the external monitor and press "fullscreen". How do applications such as ProPresenter, PowerPoint and Keynote automatically detect and render fullscreen content on external monitors/displays/projectors?\r\n\r\nI''m not too fussed on cross-system solutions here either, I''ll be working mainly with OSX.\r\n\r\nI realise that I''m not giving a whole lot of detail here, an I apologise. I just don''t know what the right terminology is to even begin searching for the solution. If someone could point me in the right direction that would be great, and much appreciated!	', 40, 'HTML5', 'JOOMLA!', 'PHP5', '', '', 10, '2014-10-23 21:53:23', '2014-10-23 21:53:23'),
(131, 'Android 5 emulator not responding after few app launches', '         	I''m using Android studio v0.8.9 with latest Android SDK on Windows 7 64-bit. After running app four or five times in emulator with Android 5, emulator stops responding and I need to close and restart it. Emulator crashes with this info:\r\n\r\nDescription: A problem caused this program to stop interacting with Windows.\r\nProblem signature:\r\nProblem Event Name: AppHangB1\r\nApplication Name:   emulator-x86.exe\r\n...\r\n', 41, 'HTML5', 'CSS3', 'WORDPRESS', '', '', 34, '2014-10-23 21:59:24', '2014-10-23 21:59:24'),
(133, 'HTML5 with local peripherals', '         We''re investigating porting a fat-client .NET application to be an HTML5-based webapp, but a hangup is that we interface with a variety of usb/serial/shared devices (receipt printers, report printers, specialty archive printers, sigpads, scanners, webcams, etc).\r\n\r\nIs there any feasible way to get an HTML5 site the ability to interface with local USB/serial peripherals, or with a local service (e.g., browse to www.site.com/app and have it interact with localhost:1234/api to request things like signatures and send stuff like print jobs)?\r\n\r\nThe other option I was thinking of is to have a local thin-client type setup, which requests UI elements from the remote server''s API, but internally has logic to know what peripherals are doing and passes data via the API.\r\n\r\nThe least preferential item is to try to write some sort of browser plugin, which is is tied with using a java applet. Silverlight might work, but I haven''t researched it too much.\r\n\r\nIdeally we''d like to do this to make our app cross-platform, and we''re not sure what the best practices are for our situation, or what is the path of least resistance, etc.	', 40, 'PHP', 'CSS3', 'WORDPRESS', '', '', 7, '2014-10-23 22:49:58', '2014-10-23 22:49:58'),
(134, 'How can I automatically convert my GitHub README into a Javadoc overview on gh-pages?', '         	I am using the maven Javadoc plugin and the maven SCM plugin to publish my Javadocs to my gh-pages branch in a manner similar to the one outlined in this article. However I don''t have an overview for my Javadocs. Rather than creating one manually in the gh-pages branch, is there an easy way to take the README.md file and use its contents to create overview.html, then point to that in the <overview/> parameter for the maven Javadoc plugin?\r\n', 42, 'JQUERY', 'Javascript', '', '', '', 1, '2014-10-23 23:44:39', '2014-10-23 23:44:39'),
(135, 'How to check idle time using jQuery and PHP?', '         	What I am looking to do is display a dialog message 2 minutes before the PHP session expire and check if the user is still on the page or not. If the use clicks "Keep working" then the jQuery script will send PHP AJAX request to renew the session  $_SESSION[''MA_IDLE_TIMEOUT''] = time()+900;. If the user did not click anything or clicked on "Log out" then the session ends and the user is redirected to the login page.\r\n\r\nI did find a nice plugin that will somewhat does the Job jquery-idle-timeout\r\n\r\nThe issue with this plugin is that it checks if the user is idle using JavaScript (if the keyboard/mouse) are being used. Here is the senario where this script does not help me: lets say my PHP sessions has a limit on 15 minutes/ 900 seconds. A user is reading a super long article on the same page. He/she will be scrolling, they are not really idle "from JavaScript perspective" but from a PHP perspective the use is idle. Then after 20 minutes the user refresh the page, then the user will be logged out since he/she have not sent a new request to the PHP server for over the 900 seconds limit.', 42, 'WORPRESS', 'Symfony 2', '', '', '', 0, '2014-10-23 23:46:10', '2014-10-23 23:46:10'),
(136, 'How to check idle time using jQuery and PHP?', '    I have a script that uses PHP SESSION. I manage PHP sessions using a class. Within this class I have a method that returns how many seconds remaining before the session expires.\r\n\r\nAlso, Evey time the user refresh the page or open a new page (new request to the server) the idle time counter starts over $_SESSION[''MA_IDLE_TIMEOUT''] = time()+900;\r\n\r\nWhat I am looking to do is display a dialog message 2 minutes before the PHP session expire and check if the user is still on the page or not. If the use clicks "Keep working" then the jQuery script will send PHP AJAX request to renew the session  $_SESSION[''MA_IDLE_TIMEOUT''] = time()+900;. If the user did not click anything or clicked on "Log out" then the session ends and the user is redirected to the login page.\r\n\r\nI did find a nice plugin that will somewhat does the Job jquery-idle-timeout\r\n\r\nThe issue with this plugin is that it checks if the user is idle using JavaScript (if the keyboard/mouse) are being used. Here is the senario where this script does not help me: lets say my PHP sessions has a limit on 15 minutes/ 900 seconds. A user is reading a super long article on the same page. He/she will be scrolling, they are not really idle "from JavaScript perspective" but from a PHP perspective the use is idle. Then after 20 minutes the user refresh the page, then the user will be logged out since he/she have not sent a new request to the PHP server for over the 900 seconds limit.\r\n\r\nHow can I solve this problem? is there a better plugin to does the trick? if there something I missed in this plugin that will solve my problem?     	', 17, 'PHP', 'JOOMLA!', 'WORDPRESS', '', '', 5, '2014-10-23 23:58:21', '2014-10-23 23:58:21'),
(148, 'Preg_replace exact strings only', '   $string = "recruitment offer human resource IT for before of";\r\n$string = str_replace(array(''it'', ''for'', ''of''), ''-'', $string);\r\nI want to remove some unnecessary words from the string (in this example - I want to replace it, for, and of with -) but I don''t want others words to be affected (the above example will also affect the words recuITment, OFfer and beFORe      	', 44, 'PHP', 'WORDPRESS', '', '', '', 4, '2014-10-24 11:41:01', '2014-10-24 11:41:01'),
(149, 'Position a image button in a table cell', '         	$string = "recruitment offer human resource IT for before of";\r\n$string = str_replace(array(''it'', ''for'', ''of''), ''-'', $string);\r\nI want to remove some unnecessary words from the string (in this example - I want to replace it, for, and of with -) but I don''t want others words to be affected (the above example will also affect the words recuITment, OFfer and beFORe', 44, 'JOOMLA!', '', '', '', '', 13, '2014-10-24 11:43:43', '2014-10-24 11:43:43'),
(150, 'Arm 7 If/Else Statement', 'How do I convert this example of psuedo code to Arm 7??\r\n\r\nif R8 == 1, Go to "method 1"\r\nelse, Go to "method 2"\r\nAlso in "method 1" R8 is changed to two (R8=2), so the next time around I want it to access "method 2". So I wanted the loop to alternate between method 1 and 2         	', 45, 'WORDRESS', 'JOOMLA !', '', '', '', 1, '2014-10-24 11:52:16', '2014-10-24 11:52:16'),
(151, 'Vagrant synced folder with custom Docker host have no support for binary links', '      I want to know the soap fault message from web service consumer(mule component) and so I am using catch-exception-strategy to get hold of the SOAP Fault message. But the exceptionPayload of web service consumer(mule component) does not contain the SOAP fault. While payload has the soap fault message nested deep under like:\r\n\r\npayload->firstChild->firstchild->firstChild\r\nIs there any way to print or process the SOAP fault from inside the catch-exception-strategy of Mule.   	', 45, 'DRUPAL', 'JQUERY', 'AJAX', '', '', 9, '2014-10-24 11:59:19', '2014-10-24 11:59:19');

-- --------------------------------------------------------

--
-- Structure de la table `users`
--

CREATE TABLE IF NOT EXISTS `users` (
  `id` int(11) NOT NULL AUTO_INCREMENT,
  `name` varchar(255) NOT NULL,
  `avatar` varchar(255) DEFAULT NULL,
  `email` varchar(50) NOT NULL,
  `username` varchar(50) NOT NULL,
  `password` varchar(255) NOT NULL,
  `salt` varchar(50) NOT NULL,
  `token` varchar(50) NOT NULL,
  `dateRegistered` datetime NOT NULL,
  `dateModified` datetime NOT NULL,
  `job` varchar(255) NOT NULL,
  `country` varchar(255) NOT NULL,
  `language` varchar(255) NOT NULL,
  `externallink` varchar(255) DEFAULT NULL,
  `score` int(11) NOT NULL,
  PRIMARY KEY (`id`)
) ENGINE=InnoDB  DEFAULT CHARSET=utf8 AUTO_INCREMENT=49 ;

--
-- Contenu de la table `users`
--

INSERT INTO `users` (`id`, `name`, `avatar`, `email`, `username`, `password`, `salt`, `token`, `dateRegistered`, `dateModified`, `job`, `country`, `language`, `externallink`, `score`) VALUES
(16, '', '', 'thibault.pirot@wanadoo.fr', 'Natacha', '27e419c68afe960ad658422bb40cb74afbc4ffd99106e25b44c9b205e09b5ebf51ba1b235cbb54ed229a689b443bee43156b49dc8ba85e70d0a4ee0ceb2411ec', 'RsuZi4hLus46LM4M4G5ORNaL5hbG0B8x8iyJKiixlZQFNC4UVw', 'jiY1WmyHXCDdsx3Bdf60kUQNqkb0fDRzXLkxKETnI1RtnvPCzC', '2014-10-17 08:02:52', '2014-10-17 08:02:52', '', '', '', '', 0),
(17, '', '', 'jeremy.tobelem@gmail.com', 'Jeremy', '02d9ee18dae4dc42926275e975890b30d2c81c9672c3acbe11e32097973353ab4af4e4efaad0aaba468a7bd5e4920df83643144f6a4f83e60abc48cb3049b4d5', 'T4dRSQLSx7Q6N44J2g2ASVW0vFeYQQY3NpKE5f6lreXEB5UnbT', 'qci7VOcHvoFNOjUWEbg8fn0OLEIcshLKGVjhFruCUsv49NcSwV', '2014-10-17 08:38:43', '2014-10-17 08:38:43', '', '', '', '', 0),
(18, 'Nadeige', '', 'nadeige.pirot@gmail.com', 'Nadeige', 'c15ac6e4abd49d71da1d69bb27ffbc2684c297126b9ccc6c1d5fbd87bc3f00eaa0f78a8fdbba569abf5f0faddbeb74c62ff832741ac846dc7300767d5b9df277', 'm0nVzMx3sfmtirN13hXcEy2hm9zdOkmibe3bQfq10Ua4umrjUo', 'HRIBj5HonJHyULPNd7YST5nkmz1Yk2uf9DSzaRNSi7Emrr1GjL', '2014-10-17 08:39:50', '2014-10-23 10:03:08', 'Integratrice Web', 'France', 'Russe', '', 8),
(19, '', '', 'gsaissi@gmail.com', 'giogio', '4cbf0e8f43e52e782a091ff3ad9f8a4b30463c624dfdf27b256f865971084219690948acd9cda90c84cd9845a953c862523a0f13cad13e6e2c0b816a37289501', 'd4plmrTtMzTrMIN7qkNUNMzYoE9kMz8l8DdsriIUbQ8w6S3il1', 'eGm9ySCSxx2u0ntRfjbri7o52Cl9Aum8JnnIkFG1Q8bTG3dLSh', '2014-10-17 14:12:11', '2014-10-17 14:26:54', '', '', '', '', 0),
(20, 'sery@sery.fr', '', 'sery@sery.fr', 'Alain', '62d01f543724f112b864f747fb192205fac05c9f2d6bed8661f8933ebc36584e0d5141173eef963278a971c8791cc39db53f11048f1d303473aff6adea54394f', 'm3XvC5fDykhytUnGrmRLOjgwOuSajj7CuKX0KrF5rVzNP2FPlB', 'SAJGPtTTsdM5sA5l8aFpV42kq5w0OVtJqpRKBSGbylYwn4Hxep', '2014-10-19 13:09:58', '2014-10-19 13:09:58', 'Prof', 'France', 'Anglais', 'google', 0),
(21, 'sabine.bimbard@html.fr', '', 'sabine.bimbard@html.fr', 'Sabine', '1d18b1b09f43aa645734557cf0583a524962916bde83cbee246adfd9908d9a9085b1b4d6b5b4536d508c4b6e0eaecdb055eee4dc68e45249945483dd9fbec01e', 'CZIZpDuL1pMncvuNgNlGG4BX99BVKz7zP4LPaibRk13r8RtTsC', 'BPpVxv1rKlFTcr6VxTsOfhs6FSdps61IaKRfCLoMhsiQr6rjmD', '2014-10-19 14:48:50', '2014-10-19 14:48:50', 'secretaire', 'France', 'Français, Italien', 'Yahoo', 0),
(22, 'lucette@lucette.fr', '', 'lucette@lucette.fr', 'Lulue', 'eaa66a1d398bc94e5f803db0c9b2311f1ce8d8917f4d060627f84e2ddeac81c83251d9007494f61bf005f965f75bb798c991f6b8a86656f13b7a307f5b3e864e', 'DuBqZgL6O7VH05UuKrv1s5FsuHUqyaqVTAIymd24WJRApauY8H', 'vvOF5ETJxE5C4R4sAIh1x0lnQUsRMvJLmGQTYNBCelDH7R9dNT', '2014-10-19 14:50:55', '2014-10-19 14:50:55', '', '', '', '', 0),
(34, 'gigi@police.fr', '4276.jpg', 'gigi@police.fr', 'Gigi', '8fe61f20a5f63401a40d56124df575c0b3e11f4ec868a4e319bf0769e85e255468049545dd6407bc3261a76e2da222a0cbf955326c9c21ec20e4d4346a4c8e53', 'tBAh0KImhQsMkRAPDpcd08WXsX4iyxKYz2EW6B60H6G75tjWu2', 'QLep8ky5cuef0evhtz7Oc28M8glsvSgNQVqPBuKDFL8M66ARJF', '2014-10-20 16:14:06', '2014-10-20 16:14:06', 'Facteur', 'Italie', 'Russe', '', 0),
(35, 'grteyu@kzdad.fr', '54451e5b6e4f7.jpg', 'grteyu@kzdad.fr', 'gilles', 'e37070ab70a062b496d2bca6daf87b422d73f3aecf0ffe76b3d733bb169796b85612832d9149fe56f05a59497d24f8b6d14b150f95d8cc66fa3efe45e5022c17', 'fUf3soTKLkxuO2KLvVXwte6oOrrqhVgB5uIGOgg0krHrXF2Jr3', 'KSS4uDYorAVc0KnBdP17N6DxhHVOos8aeqfyDr75lQPTZDTExx', '2014-10-20 16:38:19', '2014-10-22 10:48:12', 'Webmaster', 'France', 'Anglais', '', 0),
(36, 'Elodie', '54475fbcbc60b.jpg', 'nadeige.couthon@orange.fr', 'Elo', 'e2653230707b9623afcac0c2b7759fbf2a8ff1f26d529650cadcbb57721df5a6409a6d5d2b86a75967e66716bdb1a9426d83bef95f929c9a72e3689a2e9ff679', 'zOogCW1dzN4fjQeM4vHBRTZKDLrJ01aIBxZI74e8nKFrIsW41w', 'aa73iJW8VpHkHk3AR52iXARvgbSZ6g9MritsZHKmAt31CAzBur', '2014-10-22 09:41:48', '2014-10-22 09:41:48', 'Webmaster', 'France', 'Russe', '', 0),
(37, 'Hyppolite', '', 'emailbidon@bidon.fr', 'Hyppo', '692a60ff1bb5a805d31f46d44a3b9125736d341dc48225e65998f98c1cb889d0a0ab21ce032338191631cecca928b7f11722e028898a5997c65cf01b8e6bc9f6', '5LwmUGxpMJrEr6VzKQGb1KUWxaRMYpTIRQ1AxWRRsgAO3GgbkL', 'Rqr5ZKvNugmOopENRbKB1Z2C4tRFyDxzKNXRB91uNiw3QHhGKj', '2014-10-22 10:29:20', '2014-10-22 10:45:03', 'Webmaster', 'Italie', '', '', 0),
(38, 'Beatrice', '5448ff7a05554.jpg', 'bea@bea.fr', 'Bea', 'b518b97ad176d40ab92ed850a9745be20b12c49d3443412acd911399ce7185645b200d6256e7d49a611a85218aa2bc327f50c1e1d7f37c893574bc81760ac877', 'Kkdn5GOAN5hh7ZcCBb86LjpH4jRE4tI29EGrbYVgPns8p9DA4v', 'Yj2pVTkpFS8ARSKmuoUYFTnUF2qJz6Hpq0qeYupFrDXemXLN5k', '2014-10-23 15:15:38', '2014-10-23 15:15:38', 'Laborantine', 'France', 'Anglais', '', 41),
(39, 'Julie', '', 'nade@gr.fr', 'julie', 'c629eb4bc2d3d4d3bffc7d623002fd5fe695190867fd37ccbe81f1c7bc36922f58388676301c55a3d6406b0e269c06310c2dc3b30d2a8ceb3775bfb6d8e6ec98', 'IUAV7VyH0qSXv62iIYK2exfrnBmCUfq3bqWPKPRrKD2vItNlya', 'WWQrSaDM0loifHectdsIJJYB3qkydC0rHqKrR2Tir1jOwoWUtw', '2014-10-23 17:19:05', '2014-10-23 17:19:05', '', 'France', '', '', 5),
(41, 'Natacha C', '54495d5d21b47.jpg', 'natacat@tremolo.fr', 'Nati', '7c9cbc0fa608fc5e4196d9ee4bd130c9bf6b2fca2c265c27f2a26d51f6eedb16fa7a5dfe9bb5eee988ae34e36312515f471c0b6833d1c63296c6c225c3041f3f', 'R1qv92FWgDhe8Wlln09k4CMmlWSjS6QRHvvkxMUOhP4dsXNeNN', 'wRaLRlZsRPqa5PwoAZ1zqbjQHwxniQyNqi0yFwIc2OcJm412Qb', '2014-10-23 21:56:13', '2014-10-23 21:56:13', '', 'France', '', '', 5),
(42, 'Lucette', '5449768eb00ef.jpg', 'luna@luna.fr', 'Lulue', 'd6e66a91d7ec2c16df729fad16406468f35c312b9ab3c94bb14b6fdfbd2e11e082c6352a36ab0863bde0a0c5314500c5125a2e40d5d41e22bbc43b66b8b5b302', 'fP7UnF1fKy49EiuRo00RdEsSMfnRVZrtM8LiDEoeLFx01MmyuE', 'qqsGsD0WePaFq54siPwg0AySumDlDXYU7TWzJ00rGBDFjHovzE', '2014-10-23 23:43:43', '2014-10-23 23:43:43', 'Vendeuse', 'France', '', '', 5),
(43, 'Gregoire', '', 'greg@greg.com', 'Greg', 'c87f555ed3b50df9cf506068de0aa9c04bceddb63f3e6b7dd9534eb17eca8840035acb720fd8b7823cb78ff15739a92289f91849d85029d851106b4beceff725', 'RXOI6EDeK2Z13aUpeHgazY3FghJotPrMQwl68CgQMDDhcyUeoV', 'lf7PlfWr0HGi7HQn61tDUrqfZBhwQUrBNc6yPZ2ATU8tv659ms', '2014-10-24 10:24:44', '2014-10-24 10:24:44', '', '', '', '', 5),
(44, 'Juliette', '', 'nad@nad.fr', 'juju', 'd8abeba16a633e65168ee345fafa71521d9117de457c4891b118fc5da85c35cc44bcb4523a0e5377cea2728f170c2c86134381a8857e1a6c9d37449470ff017e', '7RKY0HocePfm4O3YWGar3OywPqtKvdx3Fq9nvde6nfmjGfkk2a', 'q3DCdro9snj4KojKbXepcFwNQCGoR2PY6GmC8rKhPbZEReNmei', '2014-10-24 10:54:23', '2014-10-24 10:54:23', '', '', '', '', 5),
(45, 'Nawel', '', 'nadi@nadi.fr', 'Nawel', '9fbd1d7729878d048dafc58c311b9826a5149725628d755078de887d23e41f0495f7c25148124b493ea30136cd43b8060af4c09463393d87bdf0a72b0c48181a', 'NYq63NdJmspNgRVKNci7CkNrnrmoAlORNfYkiN1qRoZGuMRJya', 'C1sm3kxSqnNkyORqYVuUQyx5iSSVMGjjo1Z4ggjNi7qmTPEJWG', '2014-10-24 11:50:58', '2014-10-24 11:50:58', '', '', '', '', 7),
(47, 'Elodie', '', 'elo@elo.fr', 'Elodie', '9347cd022efe62550c29513d3e4e1db1f9bc4d19a2f2f6870a36304c0cba2507194be54c980f5c5faaa8dd7d573241da7d528b1215ba7631da5cb653113b5759', 'VgWh9d9FRRlnHroEWe1eRX0zLLDzQTrWAPBpLeXT4o73HRS2Nf', 'REhqCKRdU5CxezNPSRZKVfEvARpZGEzdZQCLAqOOydnXNLHoGy', '2014-10-24 14:07:44', '2014-10-24 14:07:44', '', 'Belgique', '', '', 5),
(48, 'Claire', '544a41652c20c.jpg', 'claire@claire.fr', 'Claire', 'a3774d8c07e2f85484e91f976b01508137fd0fd9f5231f29c51097185414b2aef97024bc2c816d42689bc43f1655bfb1df9dcff65a849d5a473e0fa3f9fc2618', 'wnwpyR1hxfOBrMnPE8E95quUZ0pO8gICLivbhCzGufQCm3AsTo', 'LHKxUdDcKXHrPbciTf1HQiqUh2YhY07hCqH24lqdF7BUAUa5x7', '2014-10-24 14:09:09', '2014-10-24 14:09:09', '', '', '', '', 5);

-- --------------------------------------------------------

--
-- Structure de la table `votes`
--

CREATE TABLE IF NOT EXISTS `votes` (
  `id` int(11) NOT NULL AUTO_INCREMENT,
  `vote` int(11) NOT NULL,
  `id_answer` int(11) NOT NULL,
  `dateCreated` datetime NOT NULL,
  PRIMARY KEY (`id`)
) ENGINE=InnoDB DEFAULT CHARSET=utf8 AUTO_INCREMENT=1 ;

/*!40101 SET CHARACTER_SET_CLIENT=@OLD_CHARACTER_SET_CLIENT */;
/*!40101 SET CHARACTER_SET_RESULTS=@OLD_CHARACTER_SET_RESULTS */;
/*!40101 SET COLLATION_CONNECTION=@OLD_COLLATION_CONNECTION */;
